image,model,class_id,class_name,elapsed_ms,detections
ebike_2020-1022-_jpg.rf.146b15621e1e5801d8348ded98087d14.jpg,baseline,0,ebike,28.333,0
ebike_2020-1022-_jpg.rf.146b15621e1e5801d8348ded98087d14.jpg,baseline,1,driver,27.937,0
ebike_2020-1022-_jpg.rf.146b15621e1e5801d8348ded98087d14.jpg,baseline,2,passenger,28.875,0
ebike_2020-1022-_jpg.rf.146b15621e1e5801d8348ded98087d14.jpg,bifpn,0,ebike,28.710,0
ebike_2020-1022-_jpg.rf.146b15621e1e5801d8348ded98087d14.jpg,bifpn,1,driver,28.305,0
ebike_2020-1022-_jpg.rf.146b15621e1e5801d8348ded98087d14.jpg,bifpn,2,passenger,29.422,0
ebike_2020-1022-_jpg.rf.146b15621e1e5801d8348ded98087d14.jpg,yolov8n,1,bicycle,30.898,0
ebike_2020-1022-_jpg.rf.146b15621e1e5801d8348ded98087d14.jpg,yolov8n,3,motorcycle,32.213,0
ebike_2020-1022-_jpg.rf.146b15621e1e5801d8348ded98087d14.jpg,yolov8n,0,person,30.787,1
ebike_2020-1137-_jpg.rf.10e489537e18ae8805d3bce34f4f218b.jpg,baseline,0,ebike,28.781,0
ebike_2020-1137-_jpg.rf.10e489537e18ae8805d3bce34f4f218b.jpg,baseline,1,driver,30.297,0
ebike_2020-1137-_jpg.rf.10e489537e18ae8805d3bce34f4f218b.jpg,baseline,2,passenger,27.435,0
ebike_2020-1137-_jpg.rf.10e489537e18ae8805d3bce34f4f218b.jpg,bifpn,0,ebike,30.525,0
ebike_2020-1137-_jpg.rf.10e489537e18ae8805d3bce34f4f218b.jpg,bifpn,1,driver,29.457,1
ebike_2020-1137-_jpg.rf.10e489537e18ae8805d3bce34f4f218b.jpg,bifpn,2,passenger,28.126,0
ebike_2020-1137-_jpg.rf.10e489537e18ae8805d3bce34f4f218b.jpg,yolov8n,1,bicycle,29.845,0
ebike_2020-1137-_jpg.rf.10e489537e18ae8805d3bce34f4f218b.jpg,yolov8n,3,motorcycle,29.154,0
ebike_2020-1137-_jpg.rf.10e489537e18ae8805d3bce34f4f218b.jpg,yolov8n,0,person,30.720,1
ebike_2020-1141-_jpg.rf.4336f6cb0085da0bb05bfddeae0460b7.jpg,baseline,0,ebike,30.319,0
ebike_2020-1141-_jpg.rf.4336f6cb0085da0bb05bfddeae0460b7.jpg,baseline,1,driver,31.688,0
ebike_2020-1141-_jpg.rf.4336f6cb0085da0bb05bfddeae0460b7.jpg,baseline,2,passenger,33.657,0
ebike_2020-1141-_jpg.rf.4336f6cb0085da0bb05bfddeae0460b7.jpg,bifpn,0,ebike,32.845,0
ebike_2020-1141-_jpg.rf.4336f6cb0085da0bb05bfddeae0460b7.jpg,bifpn,1,driver,32.646,0
ebike_2020-1141-_jpg.rf.4336f6cb0085da0bb05bfddeae0460b7.jpg,bifpn,2,passenger,31.345,0
ebike_2020-1141-_jpg.rf.4336f6cb0085da0bb05bfddeae0460b7.jpg,yolov8n,1,bicycle,32.744,0
ebike_2020-1141-_jpg.rf.4336f6cb0085da0bb05bfddeae0460b7.jpg,yolov8n,3,motorcycle,34.056,0
ebike_2020-1141-_jpg.rf.4336f6cb0085da0bb05bfddeae0460b7.jpg,yolov8n,0,person,36.200,1
ebike_2020-118-_jpg.rf.ffdb64b7a4c6fd17e208256b02dcfcea.jpg,baseline,0,ebike,32.750,1
ebike_2020-118-_jpg.rf.ffdb64b7a4c6fd17e208256b02dcfcea.jpg,baseline,1,driver,32.463,0
ebike_2020-118-_jpg.rf.ffdb64b7a4c6fd17e208256b02dcfcea.jpg,baseline,2,passenger,35.128,0
ebike_2020-118-_jpg.rf.ffdb64b7a4c6fd17e208256b02dcfcea.jpg,bifpn,0,ebike,32.568,1
ebike_2020-118-_jpg.rf.ffdb64b7a4c6fd17e208256b02dcfcea.jpg,bifpn,1,driver,32.654,0
ebike_2020-118-_jpg.rf.ffdb64b7a4c6fd17e208256b02dcfcea.jpg,bifpn,2,passenger,33.998,0
ebike_2020-118-_jpg.rf.ffdb64b7a4c6fd17e208256b02dcfcea.jpg,yolov8n,1,bicycle,33.812,0
ebike_2020-118-_jpg.rf.ffdb64b7a4c6fd17e208256b02dcfcea.jpg,yolov8n,3,motorcycle,34.564,0
ebike_2020-118-_jpg.rf.ffdb64b7a4c6fd17e208256b02dcfcea.jpg,yolov8n,0,person,35.136,2
ebike_2020-1186-_jpg.rf.73cda63b8398385f784a0e16f1d1b12d.jpg,baseline,0,ebike,34.822,0
ebike_2020-1186-_jpg.rf.73cda63b8398385f784a0e16f1d1b12d.jpg,baseline,1,driver,31.888,0
ebike_2020-1186-_jpg.rf.73cda63b8398385f784a0e16f1d1b12d.jpg,baseline,2,passenger,32.701,0
ebike_2020-1186-_jpg.rf.73cda63b8398385f784a0e16f1d1b12d.jpg,bifpn,0,ebike,33.134,0
ebike_2020-1186-_jpg.rf.73cda63b8398385f784a0e16f1d1b12d.jpg,bifpn,1,driver,33.698,0
ebike_2020-1186-_jpg.rf.73cda63b8398385f784a0e16f1d1b12d.jpg,bifpn,2,passenger,33.707,0
ebike_2020-1186-_jpg.rf.73cda63b8398385f784a0e16f1d1b12d.jpg,yolov8n,1,bicycle,35.178,0
ebike_2020-1186-_jpg.rf.73cda63b8398385f784a0e16f1d1b12d.jpg,yolov8n,3,motorcycle,36.363,0
ebike_2020-1186-_jpg.rf.73cda63b8398385f784a0e16f1d1b12d.jpg,yolov8n,0,person,36.795,1
ebike_2020-1421-_jpg.rf.a6c80be8b88321aa8fc480216f8c0f0e.jpg,baseline,0,ebike,31.055,0
ebike_2020-1421-_jpg.rf.a6c80be8b88321aa8fc480216f8c0f0e.jpg,baseline,1,driver,32.662,0
ebike_2020-1421-_jpg.rf.a6c80be8b88321aa8fc480216f8c0f0e.jpg,baseline,2,passenger,30.809,0
ebike_2020-1421-_jpg.rf.a6c80be8b88321aa8fc480216f8c0f0e.jpg,bifpn,0,ebike,30.984,0
ebike_2020-1421-_jpg.rf.a6c80be8b88321aa8fc480216f8c0f0e.jpg,bifpn,1,driver,30.423,0
ebike_2020-1421-_jpg.rf.a6c80be8b88321aa8fc480216f8c0f0e.jpg,bifpn,2,passenger,29.746,0
ebike_2020-1421-_jpg.rf.a6c80be8b88321aa8fc480216f8c0f0e.jpg,yolov8n,1,bicycle,32.415,0
ebike_2020-1421-_jpg.rf.a6c80be8b88321aa8fc480216f8c0f0e.jpg,yolov8n,3,motorcycle,32.322,0
ebike_2020-1421-_jpg.rf.a6c80be8b88321aa8fc480216f8c0f0e.jpg,yolov8n,0,person,31.666,1
ebike_2020-1436-_jpg.rf.1c12993167c1d4b6e627f9b0b772f7ea.jpg,baseline,0,ebike,31.196,0
ebike_2020-1436-_jpg.rf.1c12993167c1d4b6e627f9b0b772f7ea.jpg,baseline,1,driver,31.570,0
ebike_2020-1436-_jpg.rf.1c12993167c1d4b6e627f9b0b772f7ea.jpg,baseline,2,passenger,31.199,0
ebike_2020-1436-_jpg.rf.1c12993167c1d4b6e627f9b0b772f7ea.jpg,bifpn,0,ebike,31.317,0
ebike_2020-1436-_jpg.rf.1c12993167c1d4b6e627f9b0b772f7ea.jpg,bifpn,1,driver,32.367,0
ebike_2020-1436-_jpg.rf.1c12993167c1d4b6e627f9b0b772f7ea.jpg,bifpn,2,passenger,32.456,0
ebike_2020-1436-_jpg.rf.1c12993167c1d4b6e627f9b0b772f7ea.jpg,yolov8n,1,bicycle,33.408,0
ebike_2020-1436-_jpg.rf.1c12993167c1d4b6e627f9b0b772f7ea.jpg,yolov8n,3,motorcycle,34.507,0
ebike_2020-1436-_jpg.rf.1c12993167c1d4b6e627f9b0b772f7ea.jpg,yolov8n,0,person,33.403,1
ebike_2020-1473-_jpg.rf.b8a00e0f59ef5412a55f699c4bfbeae4.jpg,baseline,0,ebike,30.801,0
ebike_2020-1473-_jpg.rf.b8a00e0f59ef5412a55f699c4bfbeae4.jpg,baseline,1,driver,29.348,0
ebike_2020-1473-_jpg.rf.b8a00e0f59ef5412a55f699c4bfbeae4.jpg,baseline,2,passenger,31.075,0
ebike_2020-1473-_jpg.rf.b8a00e0f59ef5412a55f699c4bfbeae4.jpg,bifpn,0,ebike,32.809,0
ebike_2020-1473-_jpg.rf.b8a00e0f59ef5412a55f699c4bfbeae4.jpg,bifpn,1,driver,31.471,0
ebike_2020-1473-_jpg.rf.b8a00e0f59ef5412a55f699c4bfbeae4.jpg,bifpn,2,passenger,30.489,0
ebike_2020-1473-_jpg.rf.b8a00e0f59ef5412a55f699c4bfbeae4.jpg,yolov8n,1,bicycle,32.817,0
ebike_2020-1473-_jpg.rf.b8a00e0f59ef5412a55f699c4bfbeae4.jpg,yolov8n,3,motorcycle,30.917,0
ebike_2020-1473-_jpg.rf.b8a00e0f59ef5412a55f699c4bfbeae4.jpg,yolov8n,0,person,32.588,1
ebike_2020-149-_jpg.rf.884e421115a7ac3f392c34aa9f30731c.jpg,baseline,0,ebike,28.574,1
ebike_2020-149-_jpg.rf.884e421115a7ac3f392c34aa9f30731c.jpg,baseline,1,driver,32.267,0
ebike_2020-149-_jpg.rf.884e421115a7ac3f392c34aa9f30731c.jpg,baseline,2,passenger,32.138,0
ebike_2020-149-_jpg.rf.884e421115a7ac3f392c34aa9f30731c.jpg,bifpn,0,ebike,33.036,1
ebike_2020-149-_jpg.rf.884e421115a7ac3f392c34aa9f30731c.jpg,bifpn,1,driver,32.562,0
ebike_2020-149-_jpg.rf.884e421115a7ac3f392c34aa9f30731c.jpg,bifpn,2,passenger,32.917,0
ebike_2020-149-_jpg.rf.884e421115a7ac3f392c34aa9f30731c.jpg,yolov8n,1,bicycle,33.285,0
ebike_2020-149-_jpg.rf.884e421115a7ac3f392c34aa9f30731c.jpg,yolov8n,3,motorcycle,34.928,0
ebike_2020-149-_jpg.rf.884e421115a7ac3f392c34aa9f30731c.jpg,yolov8n,0,person,36.767,1
ebike_2020-1558-_jpg.rf.aae8f1418861a64a38630975ffee24ca.jpg,baseline,0,ebike,32.010,0
ebike_2020-1558-_jpg.rf.aae8f1418861a64a38630975ffee24ca.jpg,baseline,1,driver,30.773,0
ebike_2020-1558-_jpg.rf.aae8f1418861a64a38630975ffee24ca.jpg,baseline,2,passenger,28.637,0
ebike_2020-1558-_jpg.rf.aae8f1418861a64a38630975ffee24ca.jpg,bifpn,0,ebike,29.210,0
ebike_2020-1558-_jpg.rf.aae8f1418861a64a38630975ffee24ca.jpg,bifpn,1,driver,39.246,0
ebike_2020-1558-_jpg.rf.aae8f1418861a64a38630975ffee24ca.jpg,bifpn,2,passenger,27.130,0
ebike_2020-1558-_jpg.rf.aae8f1418861a64a38630975ffee24ca.jpg,yolov8n,1,bicycle,29.529,0
ebike_2020-1558-_jpg.rf.aae8f1418861a64a38630975ffee24ca.jpg,yolov8n,3,motorcycle,30.123,0
ebike_2020-1558-_jpg.rf.aae8f1418861a64a38630975ffee24ca.jpg,yolov8n,0,person,29.453,1
ebike_2020-1723-_jpg.rf.016141a093bf342505a9f73a2e83105b.jpg,baseline,0,ebike,28.926,0
ebike_2020-1723-_jpg.rf.016141a093bf342505a9f73a2e83105b.jpg,baseline,1,driver,30.197,0
ebike_2020-1723-_jpg.rf.016141a093bf342505a9f73a2e83105b.jpg,baseline,2,passenger,32.379,0
ebike_2020-1723-_jpg.rf.016141a093bf342505a9f73a2e83105b.jpg,bifpn,0,ebike,32.407,0
ebike_2020-1723-_jpg.rf.016141a093bf342505a9f73a2e83105b.jpg,bifpn,1,driver,31.742,0
ebike_2020-1723-_jpg.rf.016141a093bf342505a9f73a2e83105b.jpg,bifpn,2,passenger,30.990,0
ebike_2020-1723-_jpg.rf.016141a093bf342505a9f73a2e83105b.jpg,yolov8n,1,bicycle,34.428,0
ebike_2020-1723-_jpg.rf.016141a093bf342505a9f73a2e83105b.jpg,yolov8n,3,motorcycle,33.192,0
ebike_2020-1723-_jpg.rf.016141a093bf342505a9f73a2e83105b.jpg,yolov8n,0,person,32.499,1
ebike_2020-1835-_jpg.rf.081ca6ec57eed4faf993cdc3a0f00136.jpg,baseline,0,ebike,28.975,1
ebike_2020-1835-_jpg.rf.081ca6ec57eed4faf993cdc3a0f00136.jpg,baseline,1,driver,28.531,0
ebike_2020-1835-_jpg.rf.081ca6ec57eed4faf993cdc3a0f00136.jpg,baseline,2,passenger,27.346,0
ebike_2020-1835-_jpg.rf.081ca6ec57eed4faf993cdc3a0f00136.jpg,bifpn,0,ebike,28.301,1
ebike_2020-1835-_jpg.rf.081ca6ec57eed4faf993cdc3a0f00136.jpg,bifpn,1,driver,27.669,0
ebike_2020-1835-_jpg.rf.081ca6ec57eed4faf993cdc3a0f00136.jpg,bifpn,2,passenger,28.560,0
ebike_2020-1835-_jpg.rf.081ca6ec57eed4faf993cdc3a0f00136.jpg,yolov8n,1,bicycle,29.705,0
ebike_2020-1835-_jpg.rf.081ca6ec57eed4faf993cdc3a0f00136.jpg,yolov8n,3,motorcycle,29.158,0
ebike_2020-1835-_jpg.rf.081ca6ec57eed4faf993cdc3a0f00136.jpg,yolov8n,0,person,28.988,2
ebike_2020-185-_jpg.rf.59a8b647efbbea4a73250dae7c0c1987.jpg,baseline,0,ebike,26.240,0
ebike_2020-185-_jpg.rf.59a8b647efbbea4a73250dae7c0c1987.jpg,baseline,1,driver,24.965,0
ebike_2020-185-_jpg.rf.59a8b647efbbea4a73250dae7c0c1987.jpg,baseline,2,passenger,25.056,0
ebike_2020-185-_jpg.rf.59a8b647efbbea4a73250dae7c0c1987.jpg,bifpn,0,ebike,25.234,0
ebike_2020-185-_jpg.rf.59a8b647efbbea4a73250dae7c0c1987.jpg,bifpn,1,driver,26.392,0
ebike_2020-185-_jpg.rf.59a8b647efbbea4a73250dae7c0c1987.jpg,bifpn,2,passenger,26.934,0
ebike_2020-185-_jpg.rf.59a8b647efbbea4a73250dae7c0c1987.jpg,yolov8n,1,bicycle,27.365,0
ebike_2020-185-_jpg.rf.59a8b647efbbea4a73250dae7c0c1987.jpg,yolov8n,3,motorcycle,30.036,0
ebike_2020-185-_jpg.rf.59a8b647efbbea4a73250dae7c0c1987.jpg,yolov8n,0,person,30.316,1
ebike_2020-201-_jpg.rf.120428d6cffc9e6502c4be62587ed28c.jpg,baseline,0,ebike,26.027,1
ebike_2020-201-_jpg.rf.120428d6cffc9e6502c4be62587ed28c.jpg,baseline,1,driver,23.831,0
ebike_2020-201-_jpg.rf.120428d6cffc9e6502c4be62587ed28c.jpg,baseline,2,passenger,23.788,0
ebike_2020-201-_jpg.rf.120428d6cffc9e6502c4be62587ed28c.jpg,bifpn,0,ebike,24.560,1
ebike_2020-201-_jpg.rf.120428d6cffc9e6502c4be62587ed28c.jpg,bifpn,1,driver,23.828,0
ebike_2020-201-_jpg.rf.120428d6cffc9e6502c4be62587ed28c.jpg,bifpn,2,passenger,24.413,0
ebike_2020-201-_jpg.rf.120428d6cffc9e6502c4be62587ed28c.jpg,yolov8n,1,bicycle,25.922,0
ebike_2020-201-_jpg.rf.120428d6cffc9e6502c4be62587ed28c.jpg,yolov8n,3,motorcycle,26.307,0
ebike_2020-201-_jpg.rf.120428d6cffc9e6502c4be62587ed28c.jpg,yolov8n,0,person,26.831,3
ebike_2020-2092-_jpg.rf.f43a1fe4a28c88747e1dce0a0454f22b.jpg,baseline,0,ebike,33.103,1
ebike_2020-2092-_jpg.rf.f43a1fe4a28c88747e1dce0a0454f22b.jpg,baseline,1,driver,30.816,0
ebike_2020-2092-_jpg.rf.f43a1fe4a28c88747e1dce0a0454f22b.jpg,baseline,2,passenger,30.346,0
ebike_2020-2092-_jpg.rf.f43a1fe4a28c88747e1dce0a0454f22b.jpg,bifpn,0,ebike,35.900,1
ebike_2020-2092-_jpg.rf.f43a1fe4a28c88747e1dce0a0454f22b.jpg,bifpn,1,driver,36.107,0
ebike_2020-2092-_jpg.rf.f43a1fe4a28c88747e1dce0a0454f22b.jpg,bifpn,2,passenger,35.083,0
ebike_2020-2092-_jpg.rf.f43a1fe4a28c88747e1dce0a0454f22b.jpg,yolov8n,1,bicycle,35.591,0
ebike_2020-2092-_jpg.rf.f43a1fe4a28c88747e1dce0a0454f22b.jpg,yolov8n,3,motorcycle,35.727,0
ebike_2020-2092-_jpg.rf.f43a1fe4a28c88747e1dce0a0454f22b.jpg,yolov8n,0,person,35.048,1
ebike_2020-2096-_jpg.rf.d6c1c746689ed8b47af2dd750cab3096.jpg,baseline,0,ebike,31.081,1
ebike_2020-2096-_jpg.rf.d6c1c746689ed8b47af2dd750cab3096.jpg,baseline,1,driver,31.936,0
ebike_2020-2096-_jpg.rf.d6c1c746689ed8b47af2dd750cab3096.jpg,baseline,2,passenger,31.666,0
ebike_2020-2096-_jpg.rf.d6c1c746689ed8b47af2dd750cab3096.jpg,bifpn,0,ebike,32.334,1
ebike_2020-2096-_jpg.rf.d6c1c746689ed8b47af2dd750cab3096.jpg,bifpn,1,driver,33.604,0
ebike_2020-2096-_jpg.rf.d6c1c746689ed8b47af2dd750cab3096.jpg,bifpn,2,passenger,30.672,0
ebike_2020-2096-_jpg.rf.d6c1c746689ed8b47af2dd750cab3096.jpg,yolov8n,1,bicycle,32.431,0
ebike_2020-2096-_jpg.rf.d6c1c746689ed8b47af2dd750cab3096.jpg,yolov8n,3,motorcycle,32.799,0
ebike_2020-2096-_jpg.rf.d6c1c746689ed8b47af2dd750cab3096.jpg,yolov8n,0,person,33.016,1
ebike_2020-21-_jpg.rf.835c3bb6d5f292500c41eaa5a2a8cee6.jpg,baseline,0,ebike,36.406,1
ebike_2020-21-_jpg.rf.835c3bb6d5f292500c41eaa5a2a8cee6.jpg,baseline,1,driver,36.213,0
ebike_2020-21-_jpg.rf.835c3bb6d5f292500c41eaa5a2a8cee6.jpg,baseline,2,passenger,34.622,0
ebike_2020-21-_jpg.rf.835c3bb6d5f292500c41eaa5a2a8cee6.jpg,bifpn,0,ebike,35.555,1
ebike_2020-21-_jpg.rf.835c3bb6d5f292500c41eaa5a2a8cee6.jpg,bifpn,1,driver,36.112,0
ebike_2020-21-_jpg.rf.835c3bb6d5f292500c41eaa5a2a8cee6.jpg,bifpn,2,passenger,33.765,0
ebike_2020-21-_jpg.rf.835c3bb6d5f292500c41eaa5a2a8cee6.jpg,yolov8n,1,bicycle,36.341,1
ebike_2020-21-_jpg.rf.835c3bb6d5f292500c41eaa5a2a8cee6.jpg,yolov8n,3,motorcycle,36.237,0
ebike_2020-21-_jpg.rf.835c3bb6d5f292500c41eaa5a2a8cee6.jpg,yolov8n,0,person,38.189,2
ebike_2020-2140-_jpg.rf.a74c0830e147ec346ef89653ad4998d1.jpg,baseline,0,ebike,26.670,1
ebike_2020-2140-_jpg.rf.a74c0830e147ec346ef89653ad4998d1.jpg,baseline,1,driver,24.931,0
ebike_2020-2140-_jpg.rf.a74c0830e147ec346ef89653ad4998d1.jpg,baseline,2,passenger,25.769,0
ebike_2020-2140-_jpg.rf.a74c0830e147ec346ef89653ad4998d1.jpg,bifpn,0,ebike,26.148,1
ebike_2020-2140-_jpg.rf.a74c0830e147ec346ef89653ad4998d1.jpg,bifpn,1,driver,24.289,0
ebike_2020-2140-_jpg.rf.a74c0830e147ec346ef89653ad4998d1.jpg,bifpn,2,passenger,25.075,0
ebike_2020-2140-_jpg.rf.a74c0830e147ec346ef89653ad4998d1.jpg,yolov8n,1,bicycle,27.007,0
ebike_2020-2140-_jpg.rf.a74c0830e147ec346ef89653ad4998d1.jpg,yolov8n,3,motorcycle,24.235,0
ebike_2020-2140-_jpg.rf.a74c0830e147ec346ef89653ad4998d1.jpg,yolov8n,0,person,25.402,3
ebike_2020-2190-_jpg.rf.90849c9a1117f4cfffeabd6253f85c83.jpg,baseline,0,ebike,31.712,1
ebike_2020-2190-_jpg.rf.90849c9a1117f4cfffeabd6253f85c83.jpg,baseline,1,driver,30.804,0
ebike_2020-2190-_jpg.rf.90849c9a1117f4cfffeabd6253f85c83.jpg,baseline,2,passenger,33.546,0
ebike_2020-2190-_jpg.rf.90849c9a1117f4cfffeabd6253f85c83.jpg,bifpn,0,ebike,32.314,1
ebike_2020-2190-_jpg.rf.90849c9a1117f4cfffeabd6253f85c83.jpg,bifpn,1,driver,32.771,0
ebike_2020-2190-_jpg.rf.90849c9a1117f4cfffeabd6253f85c83.jpg,bifpn,2,passenger,35.032,0
ebike_2020-2190-_jpg.rf.90849c9a1117f4cfffeabd6253f85c83.jpg,yolov8n,1,bicycle,34.822,0
ebike_2020-2190-_jpg.rf.90849c9a1117f4cfffeabd6253f85c83.jpg,yolov8n,3,motorcycle,34.784,0
ebike_2020-2190-_jpg.rf.90849c9a1117f4cfffeabd6253f85c83.jpg,yolov8n,0,person,34.671,1
ebike_2020-2257-_jpg.rf.c379a2132dc7cc2dcfe59b4157177b64.jpg,baseline,0,ebike,28.309,1
ebike_2020-2257-_jpg.rf.c379a2132dc7cc2dcfe59b4157177b64.jpg,baseline,1,driver,25.806,0
ebike_2020-2257-_jpg.rf.c379a2132dc7cc2dcfe59b4157177b64.jpg,baseline,2,passenger,25.800,0
ebike_2020-2257-_jpg.rf.c379a2132dc7cc2dcfe59b4157177b64.jpg,bifpn,0,ebike,25.859,1
ebike_2020-2257-_jpg.rf.c379a2132dc7cc2dcfe59b4157177b64.jpg,bifpn,1,driver,24.580,0
ebike_2020-2257-_jpg.rf.c379a2132dc7cc2dcfe59b4157177b64.jpg,bifpn,2,passenger,24.786,0
ebike_2020-2257-_jpg.rf.c379a2132dc7cc2dcfe59b4157177b64.jpg,yolov8n,1,bicycle,28.175,0
ebike_2020-2257-_jpg.rf.c379a2132dc7cc2dcfe59b4157177b64.jpg,yolov8n,3,motorcycle,28.155,1
ebike_2020-2257-_jpg.rf.c379a2132dc7cc2dcfe59b4157177b64.jpg,yolov8n,0,person,26.120,1
ebike_2020-2410-_jpg.rf.c5f4706346a0fb3725f1f79ba239be8a.jpg,baseline,0,ebike,32.910,1
ebike_2020-2410-_jpg.rf.c5f4706346a0fb3725f1f79ba239be8a.jpg,baseline,1,driver,31.430,0
ebike_2020-2410-_jpg.rf.c5f4706346a0fb3725f1f79ba239be8a.jpg,baseline,2,passenger,31.391,0
ebike_2020-2410-_jpg.rf.c5f4706346a0fb3725f1f79ba239be8a.jpg,bifpn,0,ebike,34.655,1
ebike_2020-2410-_jpg.rf.c5f4706346a0fb3725f1f79ba239be8a.jpg,bifpn,1,driver,34.515,0
ebike_2020-2410-_jpg.rf.c5f4706346a0fb3725f1f79ba239be8a.jpg,bifpn,2,passenger,35.481,0
ebike_2020-2410-_jpg.rf.c5f4706346a0fb3725f1f79ba239be8a.jpg,yolov8n,1,bicycle,36.459,0
ebike_2020-2410-_jpg.rf.c5f4706346a0fb3725f1f79ba239be8a.jpg,yolov8n,3,motorcycle,35.362,0
ebike_2020-2410-_jpg.rf.c5f4706346a0fb3725f1f79ba239be8a.jpg,yolov8n,0,person,38.770,2
ebike_2020-2455-_jpg.rf.26248f1e37f444032d9b3b437a6fe399.jpg,baseline,0,ebike,33.337,1
ebike_2020-2455-_jpg.rf.26248f1e37f444032d9b3b437a6fe399.jpg,baseline,1,driver,31.411,0
ebike_2020-2455-_jpg.rf.26248f1e37f444032d9b3b437a6fe399.jpg,baseline,2,passenger,30.769,0
ebike_2020-2455-_jpg.rf.26248f1e37f444032d9b3b437a6fe399.jpg,bifpn,0,ebike,31.164,1
ebike_2020-2455-_jpg.rf.26248f1e37f444032d9b3b437a6fe399.jpg,bifpn,1,driver,34.831,0
ebike_2020-2455-_jpg.rf.26248f1e37f444032d9b3b437a6fe399.jpg,bifpn,2,passenger,31.466,0
ebike_2020-2455-_jpg.rf.26248f1e37f444032d9b3b437a6fe399.jpg,yolov8n,1,bicycle,35.108,0
ebike_2020-2455-_jpg.rf.26248f1e37f444032d9b3b437a6fe399.jpg,yolov8n,3,motorcycle,33.573,0
ebike_2020-2455-_jpg.rf.26248f1e37f444032d9b3b437a6fe399.jpg,yolov8n,0,person,34.680,1
ebike_2020-2745-_jpg.rf.ebe5bec9fbefdcb70431714b282ef226.jpg,baseline,0,ebike,35.123,1
ebike_2020-2745-_jpg.rf.ebe5bec9fbefdcb70431714b282ef226.jpg,baseline,1,driver,37.577,0
ebike_2020-2745-_jpg.rf.ebe5bec9fbefdcb70431714b282ef226.jpg,baseline,2,passenger,35.966,0
ebike_2020-2745-_jpg.rf.ebe5bec9fbefdcb70431714b282ef226.jpg,bifpn,0,ebike,39.424,2
ebike_2020-2745-_jpg.rf.ebe5bec9fbefdcb70431714b282ef226.jpg,bifpn,1,driver,41.378,0
ebike_2020-2745-_jpg.rf.ebe5bec9fbefdcb70431714b282ef226.jpg,bifpn,2,passenger,40.685,0
ebike_2020-2745-_jpg.rf.ebe5bec9fbefdcb70431714b282ef226.jpg,yolov8n,1,bicycle,42.703,0
ebike_2020-2745-_jpg.rf.ebe5bec9fbefdcb70431714b282ef226.jpg,yolov8n,3,motorcycle,42.089,0
ebike_2020-2745-_jpg.rf.ebe5bec9fbefdcb70431714b282ef226.jpg,yolov8n,0,person,43.341,1
ebike_2020-2760-_jpg.rf.f8243f7e3f1c1eb43aeb1faf64708e24.jpg,baseline,0,ebike,38.870,1
ebike_2020-2760-_jpg.rf.f8243f7e3f1c1eb43aeb1faf64708e24.jpg,baseline,1,driver,36.359,0
ebike_2020-2760-_jpg.rf.f8243f7e3f1c1eb43aeb1faf64708e24.jpg,baseline,2,passenger,34.105,0
ebike_2020-2760-_jpg.rf.f8243f7e3f1c1eb43aeb1faf64708e24.jpg,bifpn,0,ebike,34.998,1
ebike_2020-2760-_jpg.rf.f8243f7e3f1c1eb43aeb1faf64708e24.jpg,bifpn,1,driver,37.242,0
ebike_2020-2760-_jpg.rf.f8243f7e3f1c1eb43aeb1faf64708e24.jpg,bifpn,2,passenger,37.395,0
ebike_2020-2760-_jpg.rf.f8243f7e3f1c1eb43aeb1faf64708e24.jpg,yolov8n,1,bicycle,40.144,0
ebike_2020-2760-_jpg.rf.f8243f7e3f1c1eb43aeb1faf64708e24.jpg,yolov8n,3,motorcycle,38.452,0
ebike_2020-2760-_jpg.rf.f8243f7e3f1c1eb43aeb1faf64708e24.jpg,yolov8n,0,person,37.343,1
ebike_2020-2770-_jpg.rf.40f6cda495de3622e03549d30846a2dc.jpg,baseline,0,ebike,36.390,1
ebike_2020-2770-_jpg.rf.40f6cda495de3622e03549d30846a2dc.jpg,baseline,1,driver,36.742,0
ebike_2020-2770-_jpg.rf.40f6cda495de3622e03549d30846a2dc.jpg,baseline,2,passenger,37.523,0
ebike_2020-2770-_jpg.rf.40f6cda495de3622e03549d30846a2dc.jpg,bifpn,0,ebike,38.325,1
ebike_2020-2770-_jpg.rf.40f6cda495de3622e03549d30846a2dc.jpg,bifpn,1,driver,39.416,0
ebike_2020-2770-_jpg.rf.40f6cda495de3622e03549d30846a2dc.jpg,bifpn,2,passenger,37.563,0
ebike_2020-2770-_jpg.rf.40f6cda495de3622e03549d30846a2dc.jpg,yolov8n,1,bicycle,39.822,0
ebike_2020-2770-_jpg.rf.40f6cda495de3622e03549d30846a2dc.jpg,yolov8n,3,motorcycle,37.711,0
ebike_2020-2770-_jpg.rf.40f6cda495de3622e03549d30846a2dc.jpg,yolov8n,0,person,37.099,1
ebike_2020-2838-_jpg.rf.7b1856d588cc3e038a0e1978e796768d.jpg,baseline,0,ebike,39.623,1
ebike_2020-2838-_jpg.rf.7b1856d588cc3e038a0e1978e796768d.jpg,baseline,1,driver,39.550,0
ebike_2020-2838-_jpg.rf.7b1856d588cc3e038a0e1978e796768d.jpg,baseline,2,passenger,39.314,0
ebike_2020-2838-_jpg.rf.7b1856d588cc3e038a0e1978e796768d.jpg,bifpn,0,ebike,56.704,1
ebike_2020-2838-_jpg.rf.7b1856d588cc3e038a0e1978e796768d.jpg,bifpn,1,driver,39.713,0
ebike_2020-2838-_jpg.rf.7b1856d588cc3e038a0e1978e796768d.jpg,bifpn,2,passenger,36.712,0
ebike_2020-2838-_jpg.rf.7b1856d588cc3e038a0e1978e796768d.jpg,yolov8n,1,bicycle,37.706,0
ebike_2020-2838-_jpg.rf.7b1856d588cc3e038a0e1978e796768d.jpg,yolov8n,3,motorcycle,38.137,0
ebike_2020-2838-_jpg.rf.7b1856d588cc3e038a0e1978e796768d.jpg,yolov8n,0,person,38.748,1
ebike_2020-2922-_jpg.rf.f31dd6bbf7f970a50fa2a9a68c08239f.jpg,baseline,0,ebike,37.099,1
ebike_2020-2922-_jpg.rf.f31dd6bbf7f970a50fa2a9a68c08239f.jpg,baseline,1,driver,33.515,0
ebike_2020-2922-_jpg.rf.f31dd6bbf7f970a50fa2a9a68c08239f.jpg,baseline,2,passenger,34.081,0
ebike_2020-2922-_jpg.rf.f31dd6bbf7f970a50fa2a9a68c08239f.jpg,bifpn,0,ebike,33.371,1
ebike_2020-2922-_jpg.rf.f31dd6bbf7f970a50fa2a9a68c08239f.jpg,bifpn,1,driver,32.664,0
ebike_2020-2922-_jpg.rf.f31dd6bbf7f970a50fa2a9a68c08239f.jpg,bifpn,2,passenger,30.552,0
ebike_2020-2922-_jpg.rf.f31dd6bbf7f970a50fa2a9a68c08239f.jpg,yolov8n,1,bicycle,37.854,0
ebike_2020-2922-_jpg.rf.f31dd6bbf7f970a50fa2a9a68c08239f.jpg,yolov8n,3,motorcycle,36.265,0
ebike_2020-2922-_jpg.rf.f31dd6bbf7f970a50fa2a9a68c08239f.jpg,yolov8n,0,person,32.659,1
ebike_2020-3060-_jpg.rf.9294ca31b55183ccd308ef59102e0f1d.jpg,baseline,0,ebike,36.743,1
ebike_2020-3060-_jpg.rf.9294ca31b55183ccd308ef59102e0f1d.jpg,baseline,1,driver,33.417,0
ebike_2020-3060-_jpg.rf.9294ca31b55183ccd308ef59102e0f1d.jpg,baseline,2,passenger,36.810,0
ebike_2020-3060-_jpg.rf.9294ca31b55183ccd308ef59102e0f1d.jpg,bifpn,0,ebike,36.956,1
ebike_2020-3060-_jpg.rf.9294ca31b55183ccd308ef59102e0f1d.jpg,bifpn,1,driver,34.770,0
ebike_2020-3060-_jpg.rf.9294ca31b55183ccd308ef59102e0f1d.jpg,bifpn,2,passenger,33.117,0
ebike_2020-3060-_jpg.rf.9294ca31b55183ccd308ef59102e0f1d.jpg,yolov8n,1,bicycle,34.500,0
ebike_2020-3060-_jpg.rf.9294ca31b55183ccd308ef59102e0f1d.jpg,yolov8n,3,motorcycle,35.178,0
ebike_2020-3060-_jpg.rf.9294ca31b55183ccd308ef59102e0f1d.jpg,yolov8n,0,person,34.318,1
ebike_2020-3076-_jpg.rf.4f63fb6c53ed76c8fad563758e7bab07.jpg,baseline,0,ebike,36.254,1
ebike_2020-3076-_jpg.rf.4f63fb6c53ed76c8fad563758e7bab07.jpg,baseline,1,driver,32.688,0
ebike_2020-3076-_jpg.rf.4f63fb6c53ed76c8fad563758e7bab07.jpg,baseline,2,passenger,33.606,0
ebike_2020-3076-_jpg.rf.4f63fb6c53ed76c8fad563758e7bab07.jpg,bifpn,0,ebike,32.761,1
ebike_2020-3076-_jpg.rf.4f63fb6c53ed76c8fad563758e7bab07.jpg,bifpn,1,driver,33.983,0
ebike_2020-3076-_jpg.rf.4f63fb6c53ed76c8fad563758e7bab07.jpg,bifpn,2,passenger,33.240,0
ebike_2020-3076-_jpg.rf.4f63fb6c53ed76c8fad563758e7bab07.jpg,yolov8n,1,bicycle,33.429,0
ebike_2020-3076-_jpg.rf.4f63fb6c53ed76c8fad563758e7bab07.jpg,yolov8n,3,motorcycle,31.722,0
ebike_2020-3076-_jpg.rf.4f63fb6c53ed76c8fad563758e7bab07.jpg,yolov8n,0,person,32.377,2
ebike_2020-3194-_jpg.rf.d3662ee6c51ca71876d9f5a166e4fc31.jpg,baseline,0,ebike,34.175,1
ebike_2020-3194-_jpg.rf.d3662ee6c51ca71876d9f5a166e4fc31.jpg,baseline,1,driver,30.553,0
ebike_2020-3194-_jpg.rf.d3662ee6c51ca71876d9f5a166e4fc31.jpg,baseline,2,passenger,33.293,0
ebike_2020-3194-_jpg.rf.d3662ee6c51ca71876d9f5a166e4fc31.jpg,bifpn,0,ebike,32.639,1
ebike_2020-3194-_jpg.rf.d3662ee6c51ca71876d9f5a166e4fc31.jpg,bifpn,1,driver,33.212,0
ebike_2020-3194-_jpg.rf.d3662ee6c51ca71876d9f5a166e4fc31.jpg,bifpn,2,passenger,31.908,0
ebike_2020-3194-_jpg.rf.d3662ee6c51ca71876d9f5a166e4fc31.jpg,yolov8n,1,bicycle,34.079,0
ebike_2020-3194-_jpg.rf.d3662ee6c51ca71876d9f5a166e4fc31.jpg,yolov8n,3,motorcycle,35.245,0
ebike_2020-3194-_jpg.rf.d3662ee6c51ca71876d9f5a166e4fc31.jpg,yolov8n,0,person,35.384,2
ebike_2020-3444-_jpg.rf.d3fef4278452497c4070cd7eb96f3a4e.jpg,baseline,0,ebike,32.009,1
ebike_2020-3444-_jpg.rf.d3fef4278452497c4070cd7eb96f3a4e.jpg,baseline,1,driver,30.708,0
ebike_2020-3444-_jpg.rf.d3fef4278452497c4070cd7eb96f3a4e.jpg,baseline,2,passenger,29.592,0
ebike_2020-3444-_jpg.rf.d3fef4278452497c4070cd7eb96f3a4e.jpg,bifpn,0,ebike,31.622,1
ebike_2020-3444-_jpg.rf.d3fef4278452497c4070cd7eb96f3a4e.jpg,bifpn,1,driver,30.519,0
ebike_2020-3444-_jpg.rf.d3fef4278452497c4070cd7eb96f3a4e.jpg,bifpn,2,passenger,29.980,0
ebike_2020-3444-_jpg.rf.d3fef4278452497c4070cd7eb96f3a4e.jpg,yolov8n,1,bicycle,31.655,0
ebike_2020-3444-_jpg.rf.d3fef4278452497c4070cd7eb96f3a4e.jpg,yolov8n,3,motorcycle,34.023,0
ebike_2020-3444-_jpg.rf.d3fef4278452497c4070cd7eb96f3a4e.jpg,yolov8n,0,person,32.880,0
ebike_2020-3612-_jpg.rf.7d78d00c4b3d470ad32ea443d2500e41.jpg,baseline,0,ebike,25.738,1
ebike_2020-3612-_jpg.rf.7d78d00c4b3d470ad32ea443d2500e41.jpg,baseline,1,driver,25.751,0
ebike_2020-3612-_jpg.rf.7d78d00c4b3d470ad32ea443d2500e41.jpg,baseline,2,passenger,25.582,0
ebike_2020-3612-_jpg.rf.7d78d00c4b3d470ad32ea443d2500e41.jpg,bifpn,0,ebike,25.170,1
ebike_2020-3612-_jpg.rf.7d78d00c4b3d470ad32ea443d2500e41.jpg,bifpn,1,driver,25.231,0
ebike_2020-3612-_jpg.rf.7d78d00c4b3d470ad32ea443d2500e41.jpg,bifpn,2,passenger,25.664,0
ebike_2020-3612-_jpg.rf.7d78d00c4b3d470ad32ea443d2500e41.jpg,yolov8n,1,bicycle,28.668,0
ebike_2020-3612-_jpg.rf.7d78d00c4b3d470ad32ea443d2500e41.jpg,yolov8n,3,motorcycle,26.785,0
ebike_2020-3612-_jpg.rf.7d78d00c4b3d470ad32ea443d2500e41.jpg,yolov8n,0,person,29.605,2
ebike_2020-3659-_jpg.rf.8f681223a426a656df4ac1443424ee6d.jpg,baseline,0,ebike,32.759,1
ebike_2020-3659-_jpg.rf.8f681223a426a656df4ac1443424ee6d.jpg,baseline,1,driver,31.384,0
ebike_2020-3659-_jpg.rf.8f681223a426a656df4ac1443424ee6d.jpg,baseline,2,passenger,34.820,0
ebike_2020-3659-_jpg.rf.8f681223a426a656df4ac1443424ee6d.jpg,bifpn,0,ebike,33.780,1
ebike_2020-3659-_jpg.rf.8f681223a426a656df4ac1443424ee6d.jpg,bifpn,1,driver,32.884,0
ebike_2020-3659-_jpg.rf.8f681223a426a656df4ac1443424ee6d.jpg,bifpn,2,passenger,32.805,0
ebike_2020-3659-_jpg.rf.8f681223a426a656df4ac1443424ee6d.jpg,yolov8n,1,bicycle,32.793,0
ebike_2020-3659-_jpg.rf.8f681223a426a656df4ac1443424ee6d.jpg,yolov8n,3,motorcycle,32.799,0
ebike_2020-3659-_jpg.rf.8f681223a426a656df4ac1443424ee6d.jpg,yolov8n,0,person,33.975,2
ebike_2020-3777-_jpg.rf.ba47906c7dd08bc4223b7e5f6e650df3.jpg,baseline,0,ebike,31.443,1
ebike_2020-3777-_jpg.rf.ba47906c7dd08bc4223b7e5f6e650df3.jpg,baseline,1,driver,29.762,0
ebike_2020-3777-_jpg.rf.ba47906c7dd08bc4223b7e5f6e650df3.jpg,baseline,2,passenger,28.667,0
ebike_2020-3777-_jpg.rf.ba47906c7dd08bc4223b7e5f6e650df3.jpg,bifpn,0,ebike,29.498,1
ebike_2020-3777-_jpg.rf.ba47906c7dd08bc4223b7e5f6e650df3.jpg,bifpn,1,driver,32.222,0
ebike_2020-3777-_jpg.rf.ba47906c7dd08bc4223b7e5f6e650df3.jpg,bifpn,2,passenger,32.616,0
ebike_2020-3777-_jpg.rf.ba47906c7dd08bc4223b7e5f6e650df3.jpg,yolov8n,1,bicycle,33.681,0
ebike_2020-3777-_jpg.rf.ba47906c7dd08bc4223b7e5f6e650df3.jpg,yolov8n,3,motorcycle,36.667,0
ebike_2020-3777-_jpg.rf.ba47906c7dd08bc4223b7e5f6e650df3.jpg,yolov8n,0,person,37.547,0
ebike_2020-3784-_jpg.rf.b6eef096d6ebe285cf1e84a6be2756c2.jpg,baseline,0,ebike,33.938,1
ebike_2020-3784-_jpg.rf.b6eef096d6ebe285cf1e84a6be2756c2.jpg,baseline,1,driver,31.690,0
ebike_2020-3784-_jpg.rf.b6eef096d6ebe285cf1e84a6be2756c2.jpg,baseline,2,passenger,32.796,0
ebike_2020-3784-_jpg.rf.b6eef096d6ebe285cf1e84a6be2756c2.jpg,bifpn,0,ebike,33.485,1
ebike_2020-3784-_jpg.rf.b6eef096d6ebe285cf1e84a6be2756c2.jpg,bifpn,1,driver,32.374,0
ebike_2020-3784-_jpg.rf.b6eef096d6ebe285cf1e84a6be2756c2.jpg,bifpn,2,passenger,30.728,0
ebike_2020-3784-_jpg.rf.b6eef096d6ebe285cf1e84a6be2756c2.jpg,yolov8n,1,bicycle,33.604,0
ebike_2020-3784-_jpg.rf.b6eef096d6ebe285cf1e84a6be2756c2.jpg,yolov8n,3,motorcycle,32.257,0
ebike_2020-3784-_jpg.rf.b6eef096d6ebe285cf1e84a6be2756c2.jpg,yolov8n,0,person,34.121,2
ebike_2020-3833-_jpg.rf.ab94247d49d3ef72ffa6f1ff261d23b9.jpg,baseline,0,ebike,36.370,1
ebike_2020-3833-_jpg.rf.ab94247d49d3ef72ffa6f1ff261d23b9.jpg,baseline,1,driver,34.031,0
ebike_2020-3833-_jpg.rf.ab94247d49d3ef72ffa6f1ff261d23b9.jpg,baseline,2,passenger,32.838,0
ebike_2020-3833-_jpg.rf.ab94247d49d3ef72ffa6f1ff261d23b9.jpg,bifpn,0,ebike,32.976,1
ebike_2020-3833-_jpg.rf.ab94247d49d3ef72ffa6f1ff261d23b9.jpg,bifpn,1,driver,32.217,0
ebike_2020-3833-_jpg.rf.ab94247d49d3ef72ffa6f1ff261d23b9.jpg,bifpn,2,passenger,32.378,0
ebike_2020-3833-_jpg.rf.ab94247d49d3ef72ffa6f1ff261d23b9.jpg,yolov8n,1,bicycle,33.085,0
ebike_2020-3833-_jpg.rf.ab94247d49d3ef72ffa6f1ff261d23b9.jpg,yolov8n,3,motorcycle,36.060,0
ebike_2020-3833-_jpg.rf.ab94247d49d3ef72ffa6f1ff261d23b9.jpg,yolov8n,0,person,34.809,0
ebike_2020-385-_jpg.rf.05eb917d1a6f58f7390b44706ae6de01.jpg,baseline,0,ebike,34.141,1
ebike_2020-385-_jpg.rf.05eb917d1a6f58f7390b44706ae6de01.jpg,baseline,1,driver,31.571,0
ebike_2020-385-_jpg.rf.05eb917d1a6f58f7390b44706ae6de01.jpg,baseline,2,passenger,33.681,0
ebike_2020-385-_jpg.rf.05eb917d1a6f58f7390b44706ae6de01.jpg,bifpn,0,ebike,34.051,1
ebike_2020-385-_jpg.rf.05eb917d1a6f58f7390b44706ae6de01.jpg,bifpn,1,driver,33.344,0
ebike_2020-385-_jpg.rf.05eb917d1a6f58f7390b44706ae6de01.jpg,bifpn,2,passenger,33.557,0
ebike_2020-385-_jpg.rf.05eb917d1a6f58f7390b44706ae6de01.jpg,yolov8n,1,bicycle,32.120,0
ebike_2020-385-_jpg.rf.05eb917d1a6f58f7390b44706ae6de01.jpg,yolov8n,3,motorcycle,32.485,0
ebike_2020-385-_jpg.rf.05eb917d1a6f58f7390b44706ae6de01.jpg,yolov8n,0,person,34.262,1
ebike_2020-536-_jpg.rf.1a64ad7bee439d20e201c5f51c9fb4f6.jpg,baseline,0,ebike,32.374,1
ebike_2020-536-_jpg.rf.1a64ad7bee439d20e201c5f51c9fb4f6.jpg,baseline,1,driver,32.399,0
ebike_2020-536-_jpg.rf.1a64ad7bee439d20e201c5f51c9fb4f6.jpg,baseline,2,passenger,33.473,0
ebike_2020-536-_jpg.rf.1a64ad7bee439d20e201c5f51c9fb4f6.jpg,bifpn,0,ebike,33.065,1
ebike_2020-536-_jpg.rf.1a64ad7bee439d20e201c5f51c9fb4f6.jpg,bifpn,1,driver,32.331,0
ebike_2020-536-_jpg.rf.1a64ad7bee439d20e201c5f51c9fb4f6.jpg,bifpn,2,passenger,51.573,0
ebike_2020-536-_jpg.rf.1a64ad7bee439d20e201c5f51c9fb4f6.jpg,yolov8n,1,bicycle,36.950,0
ebike_2020-536-_jpg.rf.1a64ad7bee439d20e201c5f51c9fb4f6.jpg,yolov8n,3,motorcycle,34.262,0
ebike_2020-536-_jpg.rf.1a64ad7bee439d20e201c5f51c9fb4f6.jpg,yolov8n,0,person,34.085,1
ebike_2020-580-_jpg.rf.71002e10dc40537efe39f914d76faa9c.jpg,baseline,0,ebike,35.010,1
ebike_2020-580-_jpg.rf.71002e10dc40537efe39f914d76faa9c.jpg,baseline,1,driver,32.946,0
ebike_2020-580-_jpg.rf.71002e10dc40537efe39f914d76faa9c.jpg,baseline,2,passenger,33.963,0
ebike_2020-580-_jpg.rf.71002e10dc40537efe39f914d76faa9c.jpg,bifpn,0,ebike,33.766,1
ebike_2020-580-_jpg.rf.71002e10dc40537efe39f914d76faa9c.jpg,bifpn,1,driver,31.824,0
ebike_2020-580-_jpg.rf.71002e10dc40537efe39f914d76faa9c.jpg,bifpn,2,passenger,33.377,0
ebike_2020-580-_jpg.rf.71002e10dc40537efe39f914d76faa9c.jpg,yolov8n,1,bicycle,33.107,0
ebike_2020-580-_jpg.rf.71002e10dc40537efe39f914d76faa9c.jpg,yolov8n,3,motorcycle,36.291,0
ebike_2020-580-_jpg.rf.71002e10dc40537efe39f914d76faa9c.jpg,yolov8n,0,person,38.366,2
ebike_2020-699-_jpg.rf.05e16c3b12a8f226a2e49d74be47477e.jpg,baseline,0,ebike,35.067,1
ebike_2020-699-_jpg.rf.05e16c3b12a8f226a2e49d74be47477e.jpg,baseline,1,driver,34.318,0
ebike_2020-699-_jpg.rf.05e16c3b12a8f226a2e49d74be47477e.jpg,baseline,2,passenger,33.623,0
ebike_2020-699-_jpg.rf.05e16c3b12a8f226a2e49d74be47477e.jpg,bifpn,0,ebike,34.230,1
ebike_2020-699-_jpg.rf.05e16c3b12a8f226a2e49d74be47477e.jpg,bifpn,1,driver,33.991,0
ebike_2020-699-_jpg.rf.05e16c3b12a8f226a2e49d74be47477e.jpg,bifpn,2,passenger,32.564,0
ebike_2020-699-_jpg.rf.05e16c3b12a8f226a2e49d74be47477e.jpg,yolov8n,1,bicycle,34.286,0
ebike_2020-699-_jpg.rf.05e16c3b12a8f226a2e49d74be47477e.jpg,yolov8n,3,motorcycle,34.304,0
ebike_2020-699-_jpg.rf.05e16c3b12a8f226a2e49d74be47477e.jpg,yolov8n,0,person,38.672,1
ebike_2020-797-_jpg.rf.a43c074bbfd86e01e58ddafc60f7e2f0.jpg,baseline,0,ebike,33.318,1
ebike_2020-797-_jpg.rf.a43c074bbfd86e01e58ddafc60f7e2f0.jpg,baseline,1,driver,34.124,0
ebike_2020-797-_jpg.rf.a43c074bbfd86e01e58ddafc60f7e2f0.jpg,baseline,2,passenger,31.566,0
ebike_2020-797-_jpg.rf.a43c074bbfd86e01e58ddafc60f7e2f0.jpg,bifpn,0,ebike,31.837,1
ebike_2020-797-_jpg.rf.a43c074bbfd86e01e58ddafc60f7e2f0.jpg,bifpn,1,driver,30.909,0
ebike_2020-797-_jpg.rf.a43c074bbfd86e01e58ddafc60f7e2f0.jpg,bifpn,2,passenger,29.982,0
ebike_2020-797-_jpg.rf.a43c074bbfd86e01e58ddafc60f7e2f0.jpg,yolov8n,1,bicycle,32.656,0
ebike_2020-797-_jpg.rf.a43c074bbfd86e01e58ddafc60f7e2f0.jpg,yolov8n,3,motorcycle,32.877,0
ebike_2020-797-_jpg.rf.a43c074bbfd86e01e58ddafc60f7e2f0.jpg,yolov8n,0,person,33.349,4
ebike_2020-800-_jpg.rf.313a4dcdc21bc1f4c8003358602c9dcc.jpg,baseline,0,ebike,36.809,1
ebike_2020-800-_jpg.rf.313a4dcdc21bc1f4c8003358602c9dcc.jpg,baseline,1,driver,33.602,0
ebike_2020-800-_jpg.rf.313a4dcdc21bc1f4c8003358602c9dcc.jpg,baseline,2,passenger,35.231,0
ebike_2020-800-_jpg.rf.313a4dcdc21bc1f4c8003358602c9dcc.jpg,bifpn,0,ebike,32.553,1
ebike_2020-800-_jpg.rf.313a4dcdc21bc1f4c8003358602c9dcc.jpg,bifpn,1,driver,32.892,0
ebike_2020-800-_jpg.rf.313a4dcdc21bc1f4c8003358602c9dcc.jpg,bifpn,2,passenger,31.442,0
ebike_2020-800-_jpg.rf.313a4dcdc21bc1f4c8003358602c9dcc.jpg,yolov8n,1,bicycle,34.809,0
ebike_2020-800-_jpg.rf.313a4dcdc21bc1f4c8003358602c9dcc.jpg,yolov8n,3,motorcycle,34.956,0
ebike_2020-800-_jpg.rf.313a4dcdc21bc1f4c8003358602c9dcc.jpg,yolov8n,0,person,37.958,2
ebike_2020-833-_jpg.rf.a5b3b70c4a8412697ea397a87eeb13d4.jpg,baseline,0,ebike,37.370,1
ebike_2020-833-_jpg.rf.a5b3b70c4a8412697ea397a87eeb13d4.jpg,baseline,1,driver,37.392,0
ebike_2020-833-_jpg.rf.a5b3b70c4a8412697ea397a87eeb13d4.jpg,baseline,2,passenger,34.624,0
ebike_2020-833-_jpg.rf.a5b3b70c4a8412697ea397a87eeb13d4.jpg,bifpn,0,ebike,35.936,1
ebike_2020-833-_jpg.rf.a5b3b70c4a8412697ea397a87eeb13d4.jpg,bifpn,1,driver,35.295,0
ebike_2020-833-_jpg.rf.a5b3b70c4a8412697ea397a87eeb13d4.jpg,bifpn,2,passenger,38.438,0
ebike_2020-833-_jpg.rf.a5b3b70c4a8412697ea397a87eeb13d4.jpg,yolov8n,1,bicycle,36.767,0
ebike_2020-833-_jpg.rf.a5b3b70c4a8412697ea397a87eeb13d4.jpg,yolov8n,3,motorcycle,35.592,0
ebike_2020-833-_jpg.rf.a5b3b70c4a8412697ea397a87eeb13d4.jpg,yolov8n,0,person,37.127,2
ebike_2020-960-_jpg.rf.b2438b9ccd9893f6c3340cffddedebb1.jpg,baseline,0,ebike,36.505,1
ebike_2020-960-_jpg.rf.b2438b9ccd9893f6c3340cffddedebb1.jpg,baseline,1,driver,33.371,0
ebike_2020-960-_jpg.rf.b2438b9ccd9893f6c3340cffddedebb1.jpg,baseline,2,passenger,33.419,0
ebike_2020-960-_jpg.rf.b2438b9ccd9893f6c3340cffddedebb1.jpg,bifpn,0,ebike,34.009,1
ebike_2020-960-_jpg.rf.b2438b9ccd9893f6c3340cffddedebb1.jpg,bifpn,1,driver,32.191,0
ebike_2020-960-_jpg.rf.b2438b9ccd9893f6c3340cffddedebb1.jpg,bifpn,2,passenger,32.264,0
ebike_2020-960-_jpg.rf.b2438b9ccd9893f6c3340cffddedebb1.jpg,yolov8n,1,bicycle,34.278,0
ebike_2020-960-_jpg.rf.b2438b9ccd9893f6c3340cffddedebb1.jpg,yolov8n,3,motorcycle,37.983,0
ebike_2020-960-_jpg.rf.b2438b9ccd9893f6c3340cffddedebb1.jpg,yolov8n,0,person,36.204,0
ebike_2020-968-_jpg.rf.74f5ced2392ba3308a5db493e776e171.jpg,baseline,0,ebike,33.838,2
ebike_2020-968-_jpg.rf.74f5ced2392ba3308a5db493e776e171.jpg,baseline,1,driver,32.020,0
ebike_2020-968-_jpg.rf.74f5ced2392ba3308a5db493e776e171.jpg,baseline,2,passenger,31.731,0
ebike_2020-968-_jpg.rf.74f5ced2392ba3308a5db493e776e171.jpg,bifpn,0,ebike,36.436,1
ebike_2020-968-_jpg.rf.74f5ced2392ba3308a5db493e776e171.jpg,bifpn,1,driver,31.548,0
ebike_2020-968-_jpg.rf.74f5ced2392ba3308a5db493e776e171.jpg,bifpn,2,passenger,33.669,0
ebike_2020-968-_jpg.rf.74f5ced2392ba3308a5db493e776e171.jpg,yolov8n,1,bicycle,33.211,0
ebike_2020-968-_jpg.rf.74f5ced2392ba3308a5db493e776e171.jpg,yolov8n,3,motorcycle,33.979,0
ebike_2020-968-_jpg.rf.74f5ced2392ba3308a5db493e776e171.jpg,yolov8n,0,person,31.699,1
helmet_Motorcycle-Helmet-Bad-Weather-_mp4-0054_jpg.rf.ea18dc44eddba620aa6a716092afa6e7.jpg,baseline,0,ebike,36.098,0
helmet_Motorcycle-Helmet-Bad-Weather-_mp4-0054_jpg.rf.ea18dc44eddba620aa6a716092afa6e7.jpg,baseline,1,driver,36.602,0
helmet_Motorcycle-Helmet-Bad-Weather-_mp4-0054_jpg.rf.ea18dc44eddba620aa6a716092afa6e7.jpg,baseline,2,passenger,35.626,0
helmet_Motorcycle-Helmet-Bad-Weather-_mp4-0054_jpg.rf.ea18dc44eddba620aa6a716092afa6e7.jpg,bifpn,0,ebike,36.388,0
helmet_Motorcycle-Helmet-Bad-Weather-_mp4-0054_jpg.rf.ea18dc44eddba620aa6a716092afa6e7.jpg,bifpn,1,driver,36.081,0
helmet_Motorcycle-Helmet-Bad-Weather-_mp4-0054_jpg.rf.ea18dc44eddba620aa6a716092afa6e7.jpg,bifpn,2,passenger,35.941,0
helmet_Motorcycle-Helmet-Bad-Weather-_mp4-0054_jpg.rf.ea18dc44eddba620aa6a716092afa6e7.jpg,yolov8n,1,bicycle,36.733,0
helmet_Motorcycle-Helmet-Bad-Weather-_mp4-0054_jpg.rf.ea18dc44eddba620aa6a716092afa6e7.jpg,yolov8n,3,motorcycle,39.091,0
helmet_Motorcycle-Helmet-Bad-Weather-_mp4-0054_jpg.rf.ea18dc44eddba620aa6a716092afa6e7.jpg,yolov8n,0,person,38.087,4
helmet_Motorcycle-Helmet-Bad-Weather-_mp4-0089_jpg.rf.29e8322a99119540300e0834ea732368.jpg,baseline,0,ebike,39.215,0
helmet_Motorcycle-Helmet-Bad-Weather-_mp4-0089_jpg.rf.29e8322a99119540300e0834ea732368.jpg,baseline,1,driver,38.003,0
helmet_Motorcycle-Helmet-Bad-Weather-_mp4-0089_jpg.rf.29e8322a99119540300e0834ea732368.jpg,baseline,2,passenger,36.621,0
helmet_Motorcycle-Helmet-Bad-Weather-_mp4-0089_jpg.rf.29e8322a99119540300e0834ea732368.jpg,bifpn,0,ebike,36.533,0
helmet_Motorcycle-Helmet-Bad-Weather-_mp4-0089_jpg.rf.29e8322a99119540300e0834ea732368.jpg,bifpn,1,driver,34.728,0
helmet_Motorcycle-Helmet-Bad-Weather-_mp4-0089_jpg.rf.29e8322a99119540300e0834ea732368.jpg,bifpn,2,passenger,37.506,0
helmet_Motorcycle-Helmet-Bad-Weather-_mp4-0089_jpg.rf.29e8322a99119540300e0834ea732368.jpg,yolov8n,1,bicycle,37.190,0
helmet_Motorcycle-Helmet-Bad-Weather-_mp4-0089_jpg.rf.29e8322a99119540300e0834ea732368.jpg,yolov8n,3,motorcycle,37.703,0
helmet_Motorcycle-Helmet-Bad-Weather-_mp4-0089_jpg.rf.29e8322a99119540300e0834ea732368.jpg,yolov8n,0,person,37.802,1
helmet_Motorcycle-Helmet-Bad-Weather-_mp4-0276_jpg.rf.94d229aa1c8ce112647cbbad88d9ec80.jpg,baseline,0,ebike,36.992,0
helmet_Motorcycle-Helmet-Bad-Weather-_mp4-0276_jpg.rf.94d229aa1c8ce112647cbbad88d9ec80.jpg,baseline,1,driver,37.232,0
helmet_Motorcycle-Helmet-Bad-Weather-_mp4-0276_jpg.rf.94d229aa1c8ce112647cbbad88d9ec80.jpg,baseline,2,passenger,35.262,0
helmet_Motorcycle-Helmet-Bad-Weather-_mp4-0276_jpg.rf.94d229aa1c8ce112647cbbad88d9ec80.jpg,bifpn,0,ebike,36.201,0
helmet_Motorcycle-Helmet-Bad-Weather-_mp4-0276_jpg.rf.94d229aa1c8ce112647cbbad88d9ec80.jpg,bifpn,1,driver,35.481,0
helmet_Motorcycle-Helmet-Bad-Weather-_mp4-0276_jpg.rf.94d229aa1c8ce112647cbbad88d9ec80.jpg,bifpn,2,passenger,35.535,0
helmet_Motorcycle-Helmet-Bad-Weather-_mp4-0276_jpg.rf.94d229aa1c8ce112647cbbad88d9ec80.jpg,yolov8n,1,bicycle,39.555,0
helmet_Motorcycle-Helmet-Bad-Weather-_mp4-0276_jpg.rf.94d229aa1c8ce112647cbbad88d9ec80.jpg,yolov8n,3,motorcycle,37.263,1
helmet_Motorcycle-Helmet-Bad-Weather-_mp4-0276_jpg.rf.94d229aa1c8ce112647cbbad88d9ec80.jpg,yolov8n,0,person,37.255,3
helmet_Motorcycle-Helmet-Bad-Weather-_mp4-0288_jpg.rf.8b25255ad3b793ed0a1e9045daeb6884.jpg,baseline,0,ebike,40.395,0
helmet_Motorcycle-Helmet-Bad-Weather-_mp4-0288_jpg.rf.8b25255ad3b793ed0a1e9045daeb6884.jpg,baseline,1,driver,35.849,0
helmet_Motorcycle-Helmet-Bad-Weather-_mp4-0288_jpg.rf.8b25255ad3b793ed0a1e9045daeb6884.jpg,baseline,2,passenger,36.971,0
helmet_Motorcycle-Helmet-Bad-Weather-_mp4-0288_jpg.rf.8b25255ad3b793ed0a1e9045daeb6884.jpg,bifpn,0,ebike,35.241,0
helmet_Motorcycle-Helmet-Bad-Weather-_mp4-0288_jpg.rf.8b25255ad3b793ed0a1e9045daeb6884.jpg,bifpn,1,driver,36.243,0
helmet_Motorcycle-Helmet-Bad-Weather-_mp4-0288_jpg.rf.8b25255ad3b793ed0a1e9045daeb6884.jpg,bifpn,2,passenger,34.291,0
helmet_Motorcycle-Helmet-Bad-Weather-_mp4-0288_jpg.rf.8b25255ad3b793ed0a1e9045daeb6884.jpg,yolov8n,1,bicycle,36.206,0
helmet_Motorcycle-Helmet-Bad-Weather-_mp4-0288_jpg.rf.8b25255ad3b793ed0a1e9045daeb6884.jpg,yolov8n,3,motorcycle,35.524,2
helmet_Motorcycle-Helmet-Bad-Weather-_mp4-0288_jpg.rf.8b25255ad3b793ed0a1e9045daeb6884.jpg,yolov8n,0,person,38.831,1
helmet_Motorcycle-Helmet-Good-Weather-_mp4-0213_jpg.rf.ee6edf5656d540813f91da96ac1f3800.jpg,baseline,0,ebike,35.205,0
helmet_Motorcycle-Helmet-Good-Weather-_mp4-0213_jpg.rf.ee6edf5656d540813f91da96ac1f3800.jpg,baseline,1,driver,35.448,0
helmet_Motorcycle-Helmet-Good-Weather-_mp4-0213_jpg.rf.ee6edf5656d540813f91da96ac1f3800.jpg,baseline,2,passenger,35.685,0
helmet_Motorcycle-Helmet-Good-Weather-_mp4-0213_jpg.rf.ee6edf5656d540813f91da96ac1f3800.jpg,bifpn,0,ebike,34.296,0
helmet_Motorcycle-Helmet-Good-Weather-_mp4-0213_jpg.rf.ee6edf5656d540813f91da96ac1f3800.jpg,bifpn,1,driver,36.788,0
helmet_Motorcycle-Helmet-Good-Weather-_mp4-0213_jpg.rf.ee6edf5656d540813f91da96ac1f3800.jpg,bifpn,2,passenger,50.219,0
helmet_Motorcycle-Helmet-Good-Weather-_mp4-0213_jpg.rf.ee6edf5656d540813f91da96ac1f3800.jpg,yolov8n,1,bicycle,44.022,0
helmet_Motorcycle-Helmet-Good-Weather-_mp4-0213_jpg.rf.ee6edf5656d540813f91da96ac1f3800.jpg,yolov8n,3,motorcycle,44.117,0
helmet_Motorcycle-Helmet-Good-Weather-_mp4-0213_jpg.rf.ee6edf5656d540813f91da96ac1f3800.jpg,yolov8n,0,person,45.271,0
