frame,timestamp_sec,model,class_ids,class_names,elapsed_ms,fps,detections,detection_summary
0,0.000,baseline,0+1+2,ebike+driver+passenger,59.270,16.872,0,"ebike:0, driver:0, passenger:0"
0,0.000,bifpn,0+1+2,ebike+driver+passenger,58.603,17.064,0,"ebike:0, driver:0, passenger:0"
0,0.000,yolov8n,1+3+0,bicycle+motorcycle+person,60.984,16.398,44,"bicycle:0, motorcycle:19, person:25"
1,0.033,baseline,0+1+2,ebike+driver+passenger,62.122,16.097,0,"ebike:0, driver:0, passenger:0"
1,0.033,bifpn,0+1+2,ebike+driver+passenger,61.586,16.237,0,"ebike:0, driver:0, passenger:0"
1,0.033,yolov8n,1+3+0,bicycle+motorcycle+person,68.028,14.700,47,"bicycle:0, motorcycle:21, person:26"
2,0.067,baseline,0+1+2,ebike+driver+passenger,62.953,15.885,0,"ebike:0, driver:0, passenger:0"
2,0.067,bifpn,0+1+2,ebike+driver+passenger,69.477,14.393,0,"ebike:0, driver:0, passenger:0"
2,0.067,yolov8n,1+3+0,bicycle+motorcycle+person,72.358,13.820,50,"bicycle:0, motorcycle:22, person:28"
3,0.100,baseline,0+1+2,ebike+driver+passenger,67.373,14.843,0,"ebike:0, driver:0, passenger:0"
3,0.100,bifpn,0+1+2,ebike+driver+passenger,69.465,14.396,0,"ebike:0, driver:0, passenger:0"
3,0.100,yolov8n,1+3+0,bicycle+motorcycle+person,68.558,14.586,47,"bicycle:0, motorcycle:22, person:25"
4,0.133,baseline,0+1+2,ebike+driver+passenger,65.421,15.286,0,"ebike:0, driver:0, passenger:0"
4,0.133,bifpn,0+1+2,ebike+driver+passenger,80.022,12.497,0,"ebike:0, driver:0, passenger:0"
4,0.133,yolov8n,1+3+0,bicycle+motorcycle+person,75.120,13.312,43,"bicycle:0, motorcycle:15, person:28"
5,0.167,baseline,0+1+2,ebike+driver+passenger,69.778,14.331,0,"ebike:0, driver:0, passenger:0"
5,0.167,bifpn,0+1+2,ebike+driver+passenger,67.327,14.853,0,"ebike:0, driver:0, passenger:0"
5,0.167,yolov8n,1+3+0,bicycle+motorcycle+person,74.571,13.410,44,"bicycle:0, motorcycle:18, person:26"
6,0.200,baseline,0+1+2,ebike+driver+passenger,86.435,11.569,0,"ebike:0, driver:0, passenger:0"
6,0.200,bifpn,0+1+2,ebike+driver+passenger,70.892,14.106,0,"ebike:0, driver:0, passenger:0"
6,0.200,yolov8n,1+3+0,bicycle+motorcycle+person,73.187,13.664,39,"bicycle:0, motorcycle:16, person:23"
7,0.233,baseline,0+1+2,ebike+driver+passenger,68.265,14.649,0,"ebike:0, driver:0, passenger:0"
7,0.233,bifpn,0+1+2,ebike+driver+passenger,67.805,14.748,0,"ebike:0, driver:0, passenger:0"
7,0.233,yolov8n,1+3+0,bicycle+motorcycle+person,71.463,13.993,38,"bicycle:0, motorcycle:16, person:22"
8,0.267,baseline,0+1+2,ebike+driver+passenger,63.961,15.635,0,"ebike:0, driver:0, passenger:0"
8,0.267,bifpn,0+1+2,ebike+driver+passenger,66.489,15.040,0,"ebike:0, driver:0, passenger:0"
8,0.267,yolov8n,1+3+0,bicycle+motorcycle+person,67.072,14.909,38,"bicycle:0, motorcycle:16, person:22"
9,0.300,baseline,0+1+2,ebike+driver+passenger,63.539,15.738,0,"ebike:0, driver:0, passenger:0"
9,0.300,bifpn,0+1+2,ebike+driver+passenger,64.570,15.487,0,"ebike:0, driver:0, passenger:0"
9,0.300,yolov8n,1+3+0,bicycle+motorcycle+person,67.980,14.710,37,"bicycle:0, motorcycle:16, person:21"
10,0.333,baseline,0+1+2,ebike+driver+passenger,64.355,15.539,0,"ebike:0, driver:0, passenger:0"
10,0.333,bifpn,0+1+2,ebike+driver+passenger,64.548,15.492,0,"ebike:0, driver:0, passenger:0"
10,0.333,yolov8n,1+3+0,bicycle+motorcycle+person,69.505,14.387,41,"bicycle:0, motorcycle:21, person:20"
11,0.367,baseline,0+1+2,ebike+driver+passenger,68.307,14.640,0,"ebike:0, driver:0, passenger:0"
11,0.367,bifpn,0+1+2,ebike+driver+passenger,64.515,15.500,0,"ebike:0, driver:0, passenger:0"
11,0.367,yolov8n,1+3+0,bicycle+motorcycle+person,69.491,14.390,44,"bicycle:0, motorcycle:22, person:22"
12,0.400,baseline,0+1+2,ebike+driver+passenger,62.452,16.012,0,"ebike:0, driver:0, passenger:0"
12,0.400,bifpn,0+1+2,ebike+driver+passenger,62.200,16.077,0,"ebike:0, driver:0, passenger:0"
12,0.400,yolov8n,1+3+0,bicycle+motorcycle+person,67.744,14.761,43,"bicycle:0, motorcycle:18, person:25"
13,0.433,baseline,0+1+2,ebike+driver+passenger,65.551,15.255,0,"ebike:0, driver:0, passenger:0"
13,0.433,bifpn,0+1+2,ebike+driver+passenger,63.805,15.673,0,"ebike:0, driver:0, passenger:0"
13,0.433,yolov8n,1+3+0,bicycle+motorcycle+person,64.807,15.430,38,"bicycle:0, motorcycle:18, person:20"
14,0.467,baseline,0+1+2,ebike+driver+passenger,64.888,15.411,0,"ebike:0, driver:0, passenger:0"
14,0.467,bifpn,0+1+2,ebike+driver+passenger,62.951,15.885,0,"ebike:0, driver:0, passenger:0"
14,0.467,yolov8n,1+3+0,bicycle+motorcycle+person,66.240,15.097,44,"bicycle:0, motorcycle:19, person:25"
15,0.500,baseline,0+1+2,ebike+driver+passenger,62.885,15.902,0,"ebike:0, driver:0, passenger:0"
15,0.500,bifpn,0+1+2,ebike+driver+passenger,62.283,16.056,0,"ebike:0, driver:0, passenger:0"
15,0.500,yolov8n,1+3+0,bicycle+motorcycle+person,64.806,15.431,35,"bicycle:0, motorcycle:16, person:19"
16,0.533,baseline,0+1+2,ebike+driver+passenger,63.189,15.825,0,"ebike:0, driver:0, passenger:0"
16,0.533,bifpn,0+1+2,ebike+driver+passenger,61.707,16.206,0,"ebike:0, driver:0, passenger:0"
16,0.533,yolov8n,1+3+0,bicycle+motorcycle+person,63.997,15.626,34,"bicycle:0, motorcycle:16, person:18"
17,0.567,baseline,0+1+2,ebike+driver+passenger,62.040,16.119,0,"ebike:0, driver:0, passenger:0"
17,0.567,bifpn,0+1+2,ebike+driver+passenger,63.699,15.699,0,"ebike:0, driver:0, passenger:0"
17,0.567,yolov8n,1+3+0,bicycle+motorcycle+person,64.210,15.574,43,"bicycle:0, motorcycle:21, person:22"
18,0.600,baseline,0+1+2,ebike+driver+passenger,64.554,15.491,0,"ebike:0, driver:0, passenger:0"
18,0.600,bifpn,0+1+2,ebike+driver+passenger,63.110,15.845,0,"ebike:0, driver:0, passenger:0"
18,0.600,yolov8n,1+3+0,bicycle+motorcycle+person,66.587,15.018,41,"bicycle:0, motorcycle:21, person:20"
19,0.633,baseline,0+1+2,ebike+driver+passenger,60.503,16.528,0,"ebike:0, driver:0, passenger:0"
19,0.633,bifpn,0+1+2,ebike+driver+passenger,62.782,15.928,0,"ebike:0, driver:0, passenger:0"
19,0.633,yolov8n,1+3+0,bicycle+motorcycle+person,64.885,15.412,42,"bicycle:0, motorcycle:19, person:23"
20,0.667,baseline,0+1+2,ebike+driver+passenger,60.363,16.566,0,"ebike:0, driver:0, passenger:0"
20,0.667,bifpn,0+1+2,ebike+driver+passenger,59.832,16.714,0,"ebike:0, driver:0, passenger:0"
20,0.667,yolov8n,1+3+0,bicycle+motorcycle+person,64.706,15.454,40,"bicycle:0, motorcycle:16, person:24"
21,0.700,baseline,0+1+2,ebike+driver+passenger,62.317,16.047,0,"ebike:0, driver:0, passenger:0"
21,0.700,bifpn,0+1+2,ebike+driver+passenger,63.272,15.805,0,"ebike:0, driver:0, passenger:0"
21,0.700,yolov8n,1+3+0,bicycle+motorcycle+person,64.779,15.437,39,"bicycle:0, motorcycle:13, person:26"
22,0.733,baseline,0+1+2,ebike+driver+passenger,65.463,15.276,0,"ebike:0, driver:0, passenger:0"
22,0.733,bifpn,0+1+2,ebike+driver+passenger,65.934,15.167,0,"ebike:0, driver:0, passenger:0"
22,0.733,yolov8n,1+3+0,bicycle+motorcycle+person,68.702,14.556,37,"bicycle:0, motorcycle:14, person:23"
23,0.767,baseline,0+1+2,ebike+driver+passenger,65.413,15.287,0,"ebike:0, driver:0, passenger:0"
23,0.767,bifpn,0+1+2,ebike+driver+passenger,65.384,15.294,1,"ebike:1, driver:0, passenger:0"
23,0.767,yolov8n,1+3+0,bicycle+motorcycle+person,66.398,15.061,39,"bicycle:0, motorcycle:17, person:22"
24,0.800,baseline,0+1+2,ebike+driver+passenger,65.054,15.372,0,"ebike:0, driver:0, passenger:0"
24,0.800,bifpn,0+1+2,ebike+driver+passenger,61.107,16.365,0,"ebike:0, driver:0, passenger:0"
24,0.800,yolov8n,1+3+0,bicycle+motorcycle+person,66.405,15.059,32,"bicycle:0, motorcycle:12, person:20"
25,0.833,baseline,0+1+2,ebike+driver+passenger,63.584,15.727,0,"ebike:0, driver:0, passenger:0"
25,0.833,bifpn,0+1+2,ebike+driver+passenger,64.049,15.613,1,"ebike:1, driver:0, passenger:0"
25,0.833,yolov8n,1+3+0,bicycle+motorcycle+person,64.725,15.450,31,"bicycle:0, motorcycle:11, person:20"
26,0.867,baseline,0+1+2,ebike+driver+passenger,63.202,15.822,0,"ebike:0, driver:0, passenger:0"
26,0.867,bifpn,0+1+2,ebike+driver+passenger,62.589,15.977,0,"ebike:0, driver:0, passenger:0"
26,0.867,yolov8n,1+3+0,bicycle+motorcycle+person,66.275,15.089,37,"bicycle:0, motorcycle:13, person:24"
27,0.900,baseline,0+1+2,ebike+driver+passenger,65.589,15.246,0,"ebike:0, driver:0, passenger:0"
27,0.900,bifpn,0+1+2,ebike+driver+passenger,66.453,15.048,0,"ebike:0, driver:0, passenger:0"
27,0.900,yolov8n,1+3+0,bicycle+motorcycle+person,69.947,14.297,32,"bicycle:0, motorcycle:11, person:21"
28,0.933,baseline,0+1+2,ebike+driver+passenger,67.933,14.720,0,"ebike:0, driver:0, passenger:0"
28,0.933,bifpn,0+1+2,ebike+driver+passenger,66.076,15.134,0,"ebike:0, driver:0, passenger:0"
28,0.933,yolov8n,1+3+0,bicycle+motorcycle+person,67.819,14.745,43,"bicycle:0, motorcycle:19, person:24"
29,0.967,baseline,0+1+2,ebike+driver+passenger,67.501,14.815,0,"ebike:0, driver:0, passenger:0"
29,0.967,bifpn,0+1+2,ebike+driver+passenger,65.756,15.208,0,"ebike:0, driver:0, passenger:0"
29,0.967,yolov8n,1+3+0,bicycle+motorcycle+person,68.535,14.591,41,"bicycle:0, motorcycle:18, person:23"
30,1.000,baseline,0+1+2,ebike+driver+passenger,65.489,15.270,0,"ebike:0, driver:0, passenger:0"
30,1.000,bifpn,0+1+2,ebike+driver+passenger,62.879,15.904,0,"ebike:0, driver:0, passenger:0"
30,1.000,yolov8n,1+3+0,bicycle+motorcycle+person,65.739,15.212,38,"bicycle:0, motorcycle:20, person:18"
31,1.033,baseline,0+1+2,ebike+driver+passenger,63.146,15.836,0,"ebike:0, driver:0, passenger:0"
31,1.033,bifpn,0+1+2,ebike+driver+passenger,62.718,15.944,0,"ebike:0, driver:0, passenger:0"
31,1.033,yolov8n,1+3+0,bicycle+motorcycle+person,68.201,14.663,40,"bicycle:0, motorcycle:16, person:24"
32,1.067,baseline,0+1+2,ebike+driver+passenger,65.456,15.278,0,"ebike:0, driver:0, passenger:0"
32,1.067,bifpn,0+1+2,ebike+driver+passenger,64.893,15.410,0,"ebike:0, driver:0, passenger:0"
32,1.067,yolov8n,1+3+0,bicycle+motorcycle+person,68.744,14.547,46,"bicycle:0, motorcycle:25, person:21"
33,1.100,baseline,0+1+2,ebike+driver+passenger,64.706,15.455,0,"ebike:0, driver:0, passenger:0"
33,1.100,bifpn,0+1+2,ebike+driver+passenger,63.740,15.689,0,"ebike:0, driver:0, passenger:0"
33,1.100,yolov8n,1+3+0,bicycle+motorcycle+person,67.971,14.712,45,"bicycle:0, motorcycle:19, person:26"
34,1.133,baseline,0+1+2,ebike+driver+passenger,63.512,15.745,0,"ebike:0, driver:0, passenger:0"
34,1.133,bifpn,0+1+2,ebike+driver+passenger,65.419,15.286,0,"ebike:0, driver:0, passenger:0"
34,1.133,yolov8n,1+3+0,bicycle+motorcycle+person,67.601,14.793,41,"bicycle:0, motorcycle:22, person:19"
35,1.167,baseline,0+1+2,ebike+driver+passenger,64.679,15.461,0,"ebike:0, driver:0, passenger:0"
35,1.167,bifpn,0+1+2,ebike+driver+passenger,64.167,15.584,0,"ebike:0, driver:0, passenger:0"
35,1.167,yolov8n,1+3+0,bicycle+motorcycle+person,67.308,14.857,41,"bicycle:0, motorcycle:22, person:19"
36,1.200,baseline,0+1+2,ebike+driver+passenger,63.756,15.685,1,"ebike:1, driver:0, passenger:0"
36,1.200,bifpn,0+1+2,ebike+driver+passenger,63.732,15.691,0,"ebike:0, driver:0, passenger:0"
36,1.200,yolov8n,1+3+0,bicycle+motorcycle+person,64.853,15.420,45,"bicycle:0, motorcycle:18, person:27"
37,1.233,baseline,0+1+2,ebike+driver+passenger,65.948,15.163,1,"ebike:1, driver:0, passenger:0"
37,1.233,bifpn,0+1+2,ebike+driver+passenger,64.695,15.457,0,"ebike:0, driver:0, passenger:0"
37,1.233,yolov8n,1+3+0,bicycle+motorcycle+person,67.254,14.869,41,"bicycle:0, motorcycle:17, person:24"
38,1.267,baseline,0+1+2,ebike+driver+passenger,69.068,14.478,1,"ebike:1, driver:0, passenger:0"
38,1.267,bifpn,0+1+2,ebike+driver+passenger,65.942,15.165,0,"ebike:0, driver:0, passenger:0"
38,1.267,yolov8n,1+3+0,bicycle+motorcycle+person,69.255,14.439,42,"bicycle:0, motorcycle:17, person:25"
39,1.300,baseline,0+1+2,ebike+driver+passenger,68.269,14.648,1,"ebike:1, driver:0, passenger:0"
39,1.300,bifpn,0+1+2,ebike+driver+passenger,67.057,14.913,0,"ebike:0, driver:0, passenger:0"
39,1.300,yolov8n,1+3+0,bicycle+motorcycle+person,69.295,14.431,43,"bicycle:0, motorcycle:21, person:22"
40,1.333,baseline,0+1+2,ebike+driver+passenger,66.615,15.012,1,"ebike:1, driver:0, passenger:0"
40,1.333,bifpn,0+1+2,ebike+driver+passenger,66.901,14.947,0,"ebike:0, driver:0, passenger:0"
40,1.333,yolov8n,1+3+0,bicycle+motorcycle+person,69.523,14.384,49,"bicycle:0, motorcycle:25, person:24"
41,1.367,baseline,0+1+2,ebike+driver+passenger,67.260,14.868,1,"ebike:1, driver:0, passenger:0"
41,1.367,bifpn,0+1+2,ebike+driver+passenger,66.934,14.940,0,"ebike:0, driver:0, passenger:0"
41,1.367,yolov8n,1+3+0,bicycle+motorcycle+person,71.849,13.918,52,"bicycle:0, motorcycle:28, person:24"
42,1.400,baseline,0+1+2,ebike+driver+passenger,67.422,14.832,1,"ebike:1, driver:0, passenger:0"
42,1.400,bifpn,0+1+2,ebike+driver+passenger,65.008,15.383,0,"ebike:0, driver:0, passenger:0"
42,1.400,yolov8n,1+3+0,bicycle+motorcycle+person,71.338,14.018,46,"bicycle:0, motorcycle:24, person:22"
43,1.433,baseline,0+1+2,ebike+driver+passenger,69.399,14.409,1,"ebike:1, driver:0, passenger:0"
43,1.433,bifpn,0+1+2,ebike+driver+passenger,67.325,14.853,0,"ebike:0, driver:0, passenger:0"
43,1.433,yolov8n,1+3+0,bicycle+motorcycle+person,70.908,14.103,45,"bicycle:0, motorcycle:23, person:22"
44,1.467,baseline,0+1+2,ebike+driver+passenger,68.647,14.567,0,"ebike:0, driver:0, passenger:0"
44,1.467,bifpn,0+1+2,ebike+driver+passenger,67.397,14.837,0,"ebike:0, driver:0, passenger:0"
44,1.467,yolov8n,1+3+0,bicycle+motorcycle+person,69.804,14.326,51,"bicycle:0, motorcycle:26, person:25"
45,1.500,baseline,0+1+2,ebike+driver+passenger,69.467,14.395,0,"ebike:0, driver:0, passenger:0"
45,1.500,bifpn,0+1+2,ebike+driver+passenger,69.465,14.396,0,"ebike:0, driver:0, passenger:0"
45,1.500,yolov8n,1+3+0,bicycle+motorcycle+person,75.244,13.290,42,"bicycle:0, motorcycle:22, person:20"
46,1.533,baseline,0+1+2,ebike+driver+passenger,70.746,14.135,0,"ebike:0, driver:0, passenger:0"
46,1.533,bifpn,0+1+2,ebike+driver+passenger,80.447,12.431,0,"ebike:0, driver:0, passenger:0"
46,1.533,yolov8n,1+3+0,bicycle+motorcycle+person,71.248,14.036,43,"bicycle:0, motorcycle:22, person:21"
47,1.567,baseline,0+1+2,ebike+driver+passenger,72.116,13.866,0,"ebike:0, driver:0, passenger:0"
47,1.567,bifpn,0+1+2,ebike+driver+passenger,70.097,14.266,0,"ebike:0, driver:0, passenger:0"
47,1.567,yolov8n,1+3+0,bicycle+motorcycle+person,71.262,14.033,41,"bicycle:0, motorcycle:22, person:19"
48,1.600,baseline,0+1+2,ebike+driver+passenger,65.745,15.210,0,"ebike:0, driver:0, passenger:0"
48,1.600,bifpn,0+1+2,ebike+driver+passenger,63.318,15.793,0,"ebike:0, driver:0, passenger:0"
48,1.600,yolov8n,1+3+0,bicycle+motorcycle+person,68.548,14.588,38,"bicycle:0, motorcycle:22, person:16"
49,1.633,baseline,0+1+2,ebike+driver+passenger,65.070,15.368,0,"ebike:0, driver:0, passenger:0"
49,1.633,bifpn,0+1+2,ebike+driver+passenger,65.670,15.228,0,"ebike:0, driver:0, passenger:0"
49,1.633,yolov8n,1+3+0,bicycle+motorcycle+person,68.393,14.621,43,"bicycle:0, motorcycle:23, person:20"
50,1.667,baseline,0+1+2,ebike+driver+passenger,65.694,15.222,0,"ebike:0, driver:0, passenger:0"
50,1.667,bifpn,0+1+2,ebike+driver+passenger,65.689,15.223,0,"ebike:0, driver:0, passenger:0"
50,1.667,yolov8n,1+3+0,bicycle+motorcycle+person,66.093,15.130,40,"bicycle:0, motorcycle:22, person:18"
51,1.700,baseline,0+1+2,ebike+driver+passenger,64.374,15.534,0,"ebike:0, driver:0, passenger:0"
51,1.700,bifpn,0+1+2,ebike+driver+passenger,61.799,16.181,0,"ebike:0, driver:0, passenger:0"
51,1.700,yolov8n,1+3+0,bicycle+motorcycle+person,65.417,15.286,41,"bicycle:0, motorcycle:22, person:19"
52,1.733,baseline,0+1+2,ebike+driver+passenger,62.416,16.022,0,"ebike:0, driver:0, passenger:0"
52,1.733,bifpn,0+1+2,ebike+driver+passenger,59.641,16.767,0,"ebike:0, driver:0, passenger:0"
52,1.733,yolov8n,1+3+0,bicycle+motorcycle+person,63.066,15.856,38,"bicycle:0, motorcycle:20, person:18"
53,1.767,baseline,0+1+2,ebike+driver+passenger,57.869,17.280,0,"ebike:0, driver:0, passenger:0"
53,1.767,bifpn,0+1+2,ebike+driver+passenger,59.912,16.691,0,"ebike:0, driver:0, passenger:0"
53,1.767,yolov8n,1+3+0,bicycle+motorcycle+person,63.063,15.857,38,"bicycle:0, motorcycle:20, person:18"
54,1.800,baseline,0+1+2,ebike+driver+passenger,63.306,15.796,0,"ebike:0, driver:0, passenger:0"
54,1.800,bifpn,0+1+2,ebike+driver+passenger,61.644,16.222,0,"ebike:0, driver:0, passenger:0"
54,1.800,yolov8n,1+3+0,bicycle+motorcycle+person,65.215,15.334,39,"bicycle:0, motorcycle:19, person:20"
55,1.833,baseline,0+1+2,ebike+driver+passenger,64.331,15.545,0,"ebike:0, driver:0, passenger:0"
55,1.833,bifpn,0+1+2,ebike+driver+passenger,62.626,15.968,0,"ebike:0, driver:0, passenger:0"
55,1.833,yolov8n,1+3+0,bicycle+motorcycle+person,63.805,15.673,39,"bicycle:0, motorcycle:20, person:19"
56,1.867,baseline,0+1+2,ebike+driver+passenger,59.055,16.933,0,"ebike:0, driver:0, passenger:0"
56,1.867,bifpn,0+1+2,ebike+driver+passenger,66.150,15.117,0,"ebike:0, driver:0, passenger:0"
56,1.867,yolov8n,1+3+0,bicycle+motorcycle+person,66.543,15.028,37,"bicycle:0, motorcycle:17, person:20"
57,1.900,baseline,0+1+2,ebike+driver+passenger,64.791,15.434,0,"ebike:0, driver:0, passenger:0"
57,1.900,bifpn,0+1+2,ebike+driver+passenger,64.374,15.534,0,"ebike:0, driver:0, passenger:0"
57,1.900,yolov8n,1+3+0,bicycle+motorcycle+person,63.621,15.718,41,"bicycle:0, motorcycle:21, person:20"
58,1.933,baseline,0+1+2,ebike+driver+passenger,61.557,16.245,0,"ebike:0, driver:0, passenger:0"
58,1.933,bifpn,0+1+2,ebike+driver+passenger,61.487,16.264,0,"ebike:0, driver:0, passenger:0"
58,1.933,yolov8n,1+3+0,bicycle+motorcycle+person,61.592,16.236,38,"bicycle:0, motorcycle:19, person:19"
59,1.967,baseline,0+1+2,ebike+driver+passenger,64.001,15.625,0,"ebike:0, driver:0, passenger:0"
59,1.967,bifpn,0+1+2,ebike+driver+passenger,64.640,15.470,1,"ebike:1, driver:0, passenger:0"
59,1.967,yolov8n,1+3+0,bicycle+motorcycle+person,65.555,15.254,39,"bicycle:0, motorcycle:19, person:20"
60,2.000,baseline,0+1+2,ebike+driver+passenger,60.637,16.492,0,"ebike:0, driver:0, passenger:0"
60,2.000,bifpn,0+1+2,ebike+driver+passenger,63.264,15.807,1,"ebike:1, driver:0, passenger:0"
60,2.000,yolov8n,1+3+0,bicycle+motorcycle+person,66.083,15.133,39,"bicycle:0, motorcycle:21, person:18"
61,2.033,baseline,0+1+2,ebike+driver+passenger,62.621,15.969,0,"ebike:0, driver:0, passenger:0"
61,2.033,bifpn,0+1+2,ebike+driver+passenger,62.349,16.039,1,"ebike:1, driver:0, passenger:0"
61,2.033,yolov8n,1+3+0,bicycle+motorcycle+person,64.237,15.567,41,"bicycle:0, motorcycle:21, person:20"
62,2.067,baseline,0+1+2,ebike+driver+passenger,61.220,16.335,0,"ebike:0, driver:0, passenger:0"
62,2.067,bifpn,0+1+2,ebike+driver+passenger,60.677,16.481,1,"ebike:1, driver:0, passenger:0"
62,2.067,yolov8n,1+3+0,bicycle+motorcycle+person,63.769,15.682,33,"bicycle:0, motorcycle:16, person:17"
63,2.100,baseline,0+1+2,ebike+driver+passenger,61.004,16.392,0,"ebike:0, driver:0, passenger:0"
63,2.100,bifpn,0+1+2,ebike+driver+passenger,62.291,16.054,1,"ebike:1, driver:0, passenger:0"
63,2.100,yolov8n,1+3+0,bicycle+motorcycle+person,60.979,16.399,35,"bicycle:0, motorcycle:17, person:18"
64,2.133,baseline,0+1+2,ebike+driver+passenger,61.645,16.222,0,"ebike:0, driver:0, passenger:0"
64,2.133,bifpn,0+1+2,ebike+driver+passenger,60.457,16.541,1,"ebike:1, driver:0, passenger:0"
64,2.133,yolov8n,1+3+0,bicycle+motorcycle+person,64.094,15.602,36,"bicycle:0, motorcycle:16, person:20"
65,2.167,baseline,0+1+2,ebike+driver+passenger,59.022,16.943,0,"ebike:0, driver:0, passenger:0"
65,2.167,bifpn,0+1+2,ebike+driver+passenger,59.792,16.725,1,"ebike:1, driver:0, passenger:0"
65,2.167,yolov8n,1+3+0,bicycle+motorcycle+person,62.737,15.940,39,"bicycle:0, motorcycle:19, person:20"
66,2.200,baseline,0+1+2,ebike+driver+passenger,58.660,17.047,0,"ebike:0, driver:0, passenger:0"
66,2.200,bifpn,0+1+2,ebike+driver+passenger,59.966,16.676,0,"ebike:0, driver:0, passenger:0"
66,2.200,yolov8n,1+3+0,bicycle+motorcycle+person,63.007,15.871,42,"bicycle:0, motorcycle:21, person:21"
67,2.233,baseline,0+1+2,ebike+driver+passenger,59.999,16.667,0,"ebike:0, driver:0, passenger:0"
67,2.233,bifpn,0+1+2,ebike+driver+passenger,69.270,14.436,1,"ebike:1, driver:0, passenger:0"
67,2.233,yolov8n,1+3+0,bicycle+motorcycle+person,73.298,13.643,39,"bicycle:0, motorcycle:20, person:19"
68,2.267,baseline,0+1+2,ebike+driver+passenger,71.355,14.015,0,"ebike:0, driver:0, passenger:0"
68,2.267,bifpn,0+1+2,ebike+driver+passenger,68.941,14.505,1,"ebike:1, driver:0, passenger:0"
68,2.267,yolov8n,1+3+0,bicycle+motorcycle+person,69.204,14.450,42,"bicycle:0, motorcycle:21, person:21"
69,2.300,baseline,0+1+2,ebike+driver+passenger,67.755,14.759,0,"ebike:0, driver:0, passenger:0"
69,2.300,bifpn,0+1+2,ebike+driver+passenger,68.945,14.504,0,"ebike:0, driver:0, passenger:0"
69,2.300,yolov8n,1+3+0,bicycle+motorcycle+person,70.746,14.135,36,"bicycle:0, motorcycle:18, person:18"
70,2.333,baseline,0+1+2,ebike+driver+passenger,67.727,14.765,0,"ebike:0, driver:0, passenger:0"
70,2.333,bifpn,0+1+2,ebike+driver+passenger,64.573,15.486,0,"ebike:0, driver:0, passenger:0"
70,2.333,yolov8n,1+3+0,bicycle+motorcycle+person,70.096,14.266,41,"bicycle:0, motorcycle:20, person:21"
71,2.367,baseline,0+1+2,ebike+driver+passenger,65.357,15.301,0,"ebike:0, driver:0, passenger:0"
71,2.367,bifpn,0+1+2,ebike+driver+passenger,65.749,15.209,0,"ebike:0, driver:0, passenger:0"
71,2.367,yolov8n,1+3+0,bicycle+motorcycle+person,76.037,13.151,36,"bicycle:0, motorcycle:18, person:18"
72,2.400,baseline,0+1+2,ebike+driver+passenger,71.806,13.926,0,"ebike:0, driver:0, passenger:0"
72,2.400,bifpn,0+1+2,ebike+driver+passenger,67.474,14.820,0,"ebike:0, driver:0, passenger:0"
72,2.400,yolov8n,1+3+0,bicycle+motorcycle+person,68.329,14.635,38,"bicycle:0, motorcycle:20, person:18"
73,2.433,baseline,0+1+2,ebike+driver+passenger,64.439,15.518,0,"ebike:0, driver:0, passenger:0"
73,2.433,bifpn,0+1+2,ebike+driver+passenger,60.920,16.415,0,"ebike:0, driver:0, passenger:0"
73,2.433,yolov8n,1+3+0,bicycle+motorcycle+person,64.335,15.544,40,"bicycle:0, motorcycle:22, person:18"
74,2.467,baseline,0+1+2,ebike+driver+passenger,63.233,15.815,0,"ebike:0, driver:0, passenger:0"
74,2.467,bifpn,0+1+2,ebike+driver+passenger,63.335,15.789,0,"ebike:0, driver:0, passenger:0"
74,2.467,yolov8n,1+3+0,bicycle+motorcycle+person,68.544,14.589,36,"bicycle:0, motorcycle:18, person:18"
75,2.500,baseline,0+1+2,ebike+driver+passenger,66.042,15.142,0,"ebike:0, driver:0, passenger:0"
75,2.500,bifpn,0+1+2,ebike+driver+passenger,62.293,16.053,0,"ebike:0, driver:0, passenger:0"
75,2.500,yolov8n,1+3+0,bicycle+motorcycle+person,65.770,15.204,36,"bicycle:0, motorcycle:18, person:18"
76,2.533,baseline,0+1+2,ebike+driver+passenger,63.168,15.831,0,"ebike:0, driver:0, passenger:0"
76,2.533,bifpn,0+1+2,ebike+driver+passenger,62.859,15.909,0,"ebike:0, driver:0, passenger:0"
76,2.533,yolov8n,1+3+0,bicycle+motorcycle+person,66.719,14.988,35,"bicycle:0, motorcycle:16, person:19"
77,2.567,baseline,0+1+2,ebike+driver+passenger,63.826,15.668,0,"ebike:0, driver:0, passenger:0"
77,2.567,bifpn,0+1+2,ebike+driver+passenger,62.998,15.874,0,"ebike:0, driver:0, passenger:0"
77,2.567,yolov8n,1+3+0,bicycle+motorcycle+person,64.918,15.404,37,"bicycle:0, motorcycle:18, person:19"
78,2.600,baseline,0+1+2,ebike+driver+passenger,62.875,15.905,0,"ebike:0, driver:0, passenger:0"
78,2.600,bifpn,0+1+2,ebike+driver+passenger,63.896,15.650,0,"ebike:0, driver:0, passenger:0"
78,2.600,yolov8n,1+3+0,bicycle+motorcycle+person,68.666,14.563,31,"bicycle:0, motorcycle:15, person:16"
79,2.633,baseline,0+1+2,ebike+driver+passenger,61.051,16.380,0,"ebike:0, driver:0, passenger:0"
79,2.633,bifpn,0+1+2,ebike+driver+passenger,63.221,15.818,0,"ebike:0, driver:0, passenger:0"
79,2.633,yolov8n,1+3+0,bicycle+motorcycle+person,64.576,15.486,35,"bicycle:0, motorcycle:15, person:20"
80,2.667,baseline,0+1+2,ebike+driver+passenger,65.332,15.306,0,"ebike:0, driver:0, passenger:0"
80,2.667,bifpn,0+1+2,ebike+driver+passenger,59.839,16.711,1,"ebike:1, driver:0, passenger:0"
80,2.667,yolov8n,1+3+0,bicycle+motorcycle+person,63.967,15.633,37,"bicycle:0, motorcycle:22, person:15"
81,2.700,baseline,0+1+2,ebike+driver+passenger,61.584,16.238,0,"ebike:0, driver:0, passenger:0"
81,2.700,bifpn,0+1+2,ebike+driver+passenger,62.729,15.942,1,"ebike:1, driver:0, passenger:0"
81,2.700,yolov8n,1+3+0,bicycle+motorcycle+person,67.040,14.917,34,"bicycle:0, motorcycle:20, person:14"
82,2.733,baseline,0+1+2,ebike+driver+passenger,62.938,15.889,0,"ebike:0, driver:0, passenger:0"
82,2.733,bifpn,0+1+2,ebike+driver+passenger,65.378,15.296,0,"ebike:0, driver:0, passenger:0"
82,2.733,yolov8n,1+3+0,bicycle+motorcycle+person,63.578,15.729,33,"bicycle:0, motorcycle:19, person:14"
83,2.767,baseline,0+1+2,ebike+driver+passenger,63.762,15.683,0,"ebike:0, driver:0, passenger:0"
83,2.767,bifpn,0+1+2,ebike+driver+passenger,62.429,16.018,0,"ebike:0, driver:0, passenger:0"
83,2.767,yolov8n,1+3+0,bicycle+motorcycle+person,67.117,14.899,34,"bicycle:0, motorcycle:17, person:17"
84,2.800,baseline,0+1+2,ebike+driver+passenger,62.424,16.019,0,"ebike:0, driver:0, passenger:0"
84,2.800,bifpn,0+1+2,ebike+driver+passenger,60.808,16.445,0,"ebike:0, driver:0, passenger:0"
84,2.800,yolov8n,1+3+0,bicycle+motorcycle+person,64.246,15.565,29,"bicycle:0, motorcycle:16, person:13"
85,2.833,baseline,0+1+2,ebike+driver+passenger,60.741,16.463,0,"ebike:0, driver:0, passenger:0"
85,2.833,bifpn,0+1+2,ebike+driver+passenger,60.856,16.432,0,"ebike:0, driver:0, passenger:0"
85,2.833,yolov8n,1+3+0,bicycle+motorcycle+person,64.083,15.605,28,"bicycle:0, motorcycle:13, person:15"
86,2.867,baseline,0+1+2,ebike+driver+passenger,66.653,15.003,0,"ebike:0, driver:0, passenger:0"
86,2.867,bifpn,0+1+2,ebike+driver+passenger,61.849,16.168,0,"ebike:0, driver:0, passenger:0"
86,2.867,yolov8n,1+3+0,bicycle+motorcycle+person,66.696,14.993,26,"bicycle:0, motorcycle:11, person:15"
87,2.900,baseline,0+1+2,ebike+driver+passenger,64.463,15.513,0,"ebike:0, driver:0, passenger:0"
87,2.900,bifpn,0+1+2,ebike+driver+passenger,68.752,14.545,0,"ebike:0, driver:0, passenger:0"
87,2.900,yolov8n,1+3+0,bicycle+motorcycle+person,70.361,14.212,27,"bicycle:0, motorcycle:12, person:15"
88,2.933,baseline,0+1+2,ebike+driver+passenger,63.259,15.808,0,"ebike:0, driver:0, passenger:0"
88,2.933,bifpn,0+1+2,ebike+driver+passenger,63.073,15.855,0,"ebike:0, driver:0, passenger:0"
88,2.933,yolov8n,1+3+0,bicycle+motorcycle+person,63.776,15.680,26,"bicycle:0, motorcycle:12, person:14"
89,2.967,baseline,0+1+2,ebike+driver+passenger,61.557,16.245,0,"ebike:0, driver:0, passenger:0"
89,2.967,bifpn,0+1+2,ebike+driver+passenger,63.435,15.764,0,"ebike:0, driver:0, passenger:0"
89,2.967,yolov8n,1+3+0,bicycle+motorcycle+person,63.627,15.717,30,"bicycle:0, motorcycle:14, person:16"
90,3.000,baseline,0+1+2,ebike+driver+passenger,57.691,17.334,0,"ebike:0, driver:0, passenger:0"
90,3.000,bifpn,0+1+2,ebike+driver+passenger,62.816,15.920,0,"ebike:0, driver:0, passenger:0"
90,3.000,yolov8n,1+3+0,bicycle+motorcycle+person,65.120,15.356,31,"bicycle:0, motorcycle:14, person:17"
91,3.033,baseline,0+1+2,ebike+driver+passenger,61.210,16.337,0,"ebike:0, driver:0, passenger:0"
91,3.033,bifpn,0+1+2,ebike+driver+passenger,64.373,15.534,0,"ebike:0, driver:0, passenger:0"
91,3.033,yolov8n,1+3+0,bicycle+motorcycle+person,63.727,15.692,28,"bicycle:0, motorcycle:14, person:14"
92,3.067,baseline,0+1+2,ebike+driver+passenger,61.107,16.365,0,"ebike:0, driver:0, passenger:0"
92,3.067,bifpn,0+1+2,ebike+driver+passenger,60.480,16.534,0,"ebike:0, driver:0, passenger:0"
92,3.067,yolov8n,1+3+0,bicycle+motorcycle+person,64.141,15.591,32,"bicycle:0, motorcycle:16, person:16"
93,3.100,baseline,0+1+2,ebike+driver+passenger,63.446,15.761,0,"ebike:0, driver:0, passenger:0"
93,3.100,bifpn,0+1+2,ebike+driver+passenger,62.598,15.975,0,"ebike:0, driver:0, passenger:0"
93,3.100,yolov8n,1+3+0,bicycle+motorcycle+person,70.461,14.192,34,"bicycle:0, motorcycle:16, person:18"
94,3.133,baseline,0+1+2,ebike+driver+passenger,68.246,14.653,0,"ebike:0, driver:0, passenger:0"
94,3.133,bifpn,0+1+2,ebike+driver+passenger,63.801,15.674,0,"ebike:0, driver:0, passenger:0"
94,3.133,yolov8n,1+3+0,bicycle+motorcycle+person,69.925,14.301,30,"bicycle:0, motorcycle:16, person:14"
95,3.167,baseline,0+1+2,ebike+driver+passenger,63.023,15.867,0,"ebike:0, driver:0, passenger:0"
95,3.167,bifpn,0+1+2,ebike+driver+passenger,63.751,15.686,0,"ebike:0, driver:0, passenger:0"
95,3.167,yolov8n,1+3+0,bicycle+motorcycle+person,64.516,15.500,34,"bicycle:0, motorcycle:18, person:16"
96,3.200,baseline,0+1+2,ebike+driver+passenger,62.159,16.088,0,"ebike:0, driver:0, passenger:0"
96,3.200,bifpn,0+1+2,ebike+driver+passenger,65.224,15.332,0,"ebike:0, driver:0, passenger:0"
96,3.200,yolov8n,1+3+0,bicycle+motorcycle+person,66.950,14.937,35,"bicycle:0, motorcycle:19, person:16"
97,3.233,baseline,0+1+2,ebike+driver+passenger,64.565,15.488,0,"ebike:0, driver:0, passenger:0"
97,3.233,bifpn,0+1+2,ebike+driver+passenger,60.794,16.449,0,"ebike:0, driver:0, passenger:0"
97,3.233,yolov8n,1+3+0,bicycle+motorcycle+person,63.144,15.837,38,"bicycle:0, motorcycle:21, person:17"
98,3.267,baseline,0+1+2,ebike+driver+passenger,60.375,16.563,0,"ebike:0, driver:0, passenger:0"
98,3.267,bifpn,0+1+2,ebike+driver+passenger,59.742,16.739,0,"ebike:0, driver:0, passenger:0"
98,3.267,yolov8n,1+3+0,bicycle+motorcycle+person,64.059,15.611,34,"bicycle:0, motorcycle:19, person:15"
99,3.300,baseline,0+1+2,ebike+driver+passenger,64.409,15.526,0,"ebike:0, driver:0, passenger:0"
99,3.300,bifpn,0+1+2,ebike+driver+passenger,63.833,15.666,0,"ebike:0, driver:0, passenger:0"
99,3.300,yolov8n,1+3+0,bicycle+motorcycle+person,64.821,15.427,31,"bicycle:0, motorcycle:18, person:13"
100,3.333,baseline,0+1+2,ebike+driver+passenger,65.848,15.187,0,"ebike:0, driver:0, passenger:0"
100,3.333,bifpn,0+1+2,ebike+driver+passenger,65.251,15.325,0,"ebike:0, driver:0, passenger:0"
100,3.333,yolov8n,1+3+0,bicycle+motorcycle+person,64.202,15.576,33,"bicycle:0, motorcycle:18, person:15"
101,3.367,baseline,0+1+2,ebike+driver+passenger,61.445,16.275,0,"ebike:0, driver:0, passenger:0"
101,3.367,bifpn,0+1+2,ebike+driver+passenger,61.233,16.331,0,"ebike:0, driver:0, passenger:0"
101,3.367,yolov8n,1+3+0,bicycle+motorcycle+person,62.341,16.041,35,"bicycle:0, motorcycle:18, person:17"
102,3.400,baseline,0+1+2,ebike+driver+passenger,60.595,16.503,0,"ebike:0, driver:0, passenger:0"
102,3.400,bifpn,0+1+2,ebike+driver+passenger,65.609,15.242,0,"ebike:0, driver:0, passenger:0"
102,3.400,yolov8n,1+3+0,bicycle+motorcycle+person,67.266,14.866,31,"bicycle:0, motorcycle:19, person:12"
103,3.433,baseline,0+1+2,ebike+driver+passenger,65.391,15.293,0,"ebike:0, driver:0, passenger:0"
103,3.433,bifpn,0+1+2,ebike+driver+passenger,65.665,15.229,0,"ebike:0, driver:0, passenger:0"
103,3.433,yolov8n,1+3+0,bicycle+motorcycle+person,69.248,14.441,33,"bicycle:0, motorcycle:18, person:15"
104,3.467,baseline,0+1+2,ebike+driver+passenger,72.431,13.806,0,"ebike:0, driver:0, passenger:0"
104,3.467,bifpn,0+1+2,ebike+driver+passenger,73.450,13.615,0,"ebike:0, driver:0, passenger:0"
104,3.467,yolov8n,1+3+0,bicycle+motorcycle+person,76.063,13.147,33,"bicycle:0, motorcycle:20, person:13"
105,3.500,baseline,0+1+2,ebike+driver+passenger,74.156,13.485,0,"ebike:0, driver:0, passenger:0"
105,3.500,bifpn,0+1+2,ebike+driver+passenger,71.358,14.014,0,"ebike:0, driver:0, passenger:0"
105,3.500,yolov8n,1+3+0,bicycle+motorcycle+person,75.519,13.242,36,"bicycle:0, motorcycle:21, person:15"
106,3.533,baseline,0+1+2,ebike+driver+passenger,66.883,14.951,0,"ebike:0, driver:0, passenger:0"
106,3.533,bifpn,0+1+2,ebike+driver+passenger,63.055,15.859,0,"ebike:0, driver:0, passenger:0"
106,3.533,yolov8n,1+3+0,bicycle+motorcycle+person,64.806,15.431,38,"bicycle:0, motorcycle:18, person:20"
107,3.567,baseline,0+1+2,ebike+driver+passenger,62.021,16.124,0,"ebike:0, driver:0, passenger:0"
107,3.567,bifpn,0+1+2,ebike+driver+passenger,60.761,16.458,0,"ebike:0, driver:0, passenger:0"
107,3.567,yolov8n,1+3+0,bicycle+motorcycle+person,67.174,14.887,40,"bicycle:0, motorcycle:21, person:19"
108,3.600,baseline,0+1+2,ebike+driver+passenger,67.376,14.842,0,"ebike:0, driver:0, passenger:0"
108,3.600,bifpn,0+1+2,ebike+driver+passenger,68.316,14.638,0,"ebike:0, driver:0, passenger:0"
108,3.600,yolov8n,1+3+0,bicycle+motorcycle+person,65.468,15.275,36,"bicycle:0, motorcycle:18, person:18"
109,3.633,baseline,0+1+2,ebike+driver+passenger,67.574,14.799,0,"ebike:0, driver:0, passenger:0"
109,3.633,bifpn,0+1+2,ebike+driver+passenger,66.954,14.936,0,"ebike:0, driver:0, passenger:0"
109,3.633,yolov8n,1+3+0,bicycle+motorcycle+person,71.912,13.906,39,"bicycle:0, motorcycle:18, person:21"
110,3.667,baseline,0+1+2,ebike+driver+passenger,64.522,15.499,0,"ebike:0, driver:0, passenger:0"
110,3.667,bifpn,0+1+2,ebike+driver+passenger,66.923,14.943,0,"ebike:0, driver:0, passenger:0"
110,3.667,yolov8n,1+3+0,bicycle+motorcycle+person,70.155,14.254,38,"bicycle:0, motorcycle:20, person:18"
111,3.700,baseline,0+1+2,ebike+driver+passenger,65.664,15.229,0,"ebike:0, driver:0, passenger:0"
111,3.700,bifpn,0+1+2,ebike+driver+passenger,64.935,15.400,0,"ebike:0, driver:0, passenger:0"
111,3.700,yolov8n,1+3+0,bicycle+motorcycle+person,65.790,15.200,39,"bicycle:0, motorcycle:23, person:16"
112,3.733,baseline,0+1+2,ebike+driver+passenger,61.319,16.308,0,"ebike:0, driver:0, passenger:0"
112,3.733,bifpn,0+1+2,ebike+driver+passenger,60.311,16.581,0,"ebike:0, driver:0, passenger:0"
112,3.733,yolov8n,1+3+0,bicycle+motorcycle+person,65.729,15.214,36,"bicycle:0, motorcycle:20, person:16"
113,3.767,baseline,0+1+2,ebike+driver+passenger,61.819,16.176,0,"ebike:0, driver:0, passenger:0"
113,3.767,bifpn,0+1+2,ebike+driver+passenger,57.523,17.385,0,"ebike:0, driver:0, passenger:0"
113,3.767,yolov8n,1+3+0,bicycle+motorcycle+person,62.495,16.001,33,"bicycle:0, motorcycle:19, person:14"
114,3.800,baseline,0+1+2,ebike+driver+passenger,58.524,17.087,0,"ebike:0, driver:0, passenger:0"
114,3.800,bifpn,0+1+2,ebike+driver+passenger,58.292,17.155,0,"ebike:0, driver:0, passenger:0"
114,3.800,yolov8n,1+3+0,bicycle+motorcycle+person,64.010,15.623,35,"bicycle:0, motorcycle:19, person:16"
115,3.833,baseline,0+1+2,ebike+driver+passenger,62.006,16.127,0,"ebike:0, driver:0, passenger:0"
115,3.833,bifpn,0+1+2,ebike+driver+passenger,59.100,16.921,0,"ebike:0, driver:0, passenger:0"
115,3.833,yolov8n,1+3+0,bicycle+motorcycle+person,62.660,15.959,32,"bicycle:0, motorcycle:19, person:13"
116,3.867,baseline,0+1+2,ebike+driver+passenger,63.207,15.821,0,"ebike:0, driver:0, passenger:0"
116,3.867,bifpn,0+1+2,ebike+driver+passenger,61.405,16.285,0,"ebike:0, driver:0, passenger:0"
116,3.867,yolov8n,1+3+0,bicycle+motorcycle+person,62.318,16.047,36,"bicycle:0, motorcycle:22, person:14"
117,3.900,baseline,0+1+2,ebike+driver+passenger,59.673,16.758,0,"ebike:0, driver:0, passenger:0"
117,3.900,bifpn,0+1+2,ebike+driver+passenger,57.656,17.344,0,"ebike:0, driver:0, passenger:0"
117,3.900,yolov8n,1+3+0,bicycle+motorcycle+person,63.501,15.748,37,"bicycle:0, motorcycle:22, person:15"
118,3.933,baseline,0+1+2,ebike+driver+passenger,60.754,16.460,0,"ebike:0, driver:0, passenger:0"
118,3.933,bifpn,0+1+2,ebike+driver+passenger,61.247,16.327,0,"ebike:0, driver:0, passenger:0"
118,3.933,yolov8n,1+3+0,bicycle+motorcycle+person,65.492,15.269,37,"bicycle:0, motorcycle:23, person:14"
119,3.967,baseline,0+1+2,ebike+driver+passenger,61.907,16.153,0,"ebike:0, driver:0, passenger:0"
119,3.967,bifpn,0+1+2,ebike+driver+passenger,59.569,16.787,0,"ebike:0, driver:0, passenger:0"
119,3.967,yolov8n,1+3+0,bicycle+motorcycle+person,66.491,15.040,36,"bicycle:0, motorcycle:20, person:16"
120,4.000,baseline,0+1+2,ebike+driver+passenger,60.135,16.629,0,"ebike:0, driver:0, passenger:0"
120,4.000,bifpn,0+1+2,ebike+driver+passenger,60.213,16.608,0,"ebike:0, driver:0, passenger:0"
120,4.000,yolov8n,1+3+0,bicycle+motorcycle+person,67.714,14.768,38,"bicycle:0, motorcycle:22, person:16"
121,4.033,baseline,0+1+2,ebike+driver+passenger,62.938,15.889,0,"ebike:0, driver:0, passenger:0"
121,4.033,bifpn,0+1+2,ebike+driver+passenger,61.253,16.326,0,"ebike:0, driver:0, passenger:0"
121,4.033,yolov8n,1+3+0,bicycle+motorcycle+person,72.705,13.754,39,"bicycle:0, motorcycle:21, person:18"
122,4.067,baseline,0+1+2,ebike+driver+passenger,63.625,15.717,0,"ebike:0, driver:0, passenger:0"
122,4.067,bifpn,0+1+2,ebike+driver+passenger,64.320,15.547,0,"ebike:0, driver:0, passenger:0"
122,4.067,yolov8n,1+3+0,bicycle+motorcycle+person,65.772,15.204,35,"bicycle:0, motorcycle:18, person:17"
123,4.100,baseline,0+1+2,ebike+driver+passenger,64.328,15.545,0,"ebike:0, driver:0, passenger:0"
123,4.100,bifpn,0+1+2,ebike+driver+passenger,62.174,16.084,0,"ebike:0, driver:0, passenger:0"
123,4.100,yolov8n,1+3+0,bicycle+motorcycle+person,66.398,15.061,36,"bicycle:0, motorcycle:19, person:17"
124,4.133,baseline,0+1+2,ebike+driver+passenger,60.790,16.450,0,"ebike:0, driver:0, passenger:0"
124,4.133,bifpn,0+1+2,ebike+driver+passenger,64.016,15.621,0,"ebike:0, driver:0, passenger:0"
124,4.133,yolov8n,1+3+0,bicycle+motorcycle+person,64.694,15.457,38,"bicycle:0, motorcycle:21, person:17"
125,4.167,baseline,0+1+2,ebike+driver+passenger,60.724,16.468,0,"ebike:0, driver:0, passenger:0"
125,4.167,bifpn,0+1+2,ebike+driver+passenger,61.449,16.274,0,"ebike:0, driver:0, passenger:0"
125,4.167,yolov8n,1+3+0,bicycle+motorcycle+person,64.566,15.488,38,"bicycle:0, motorcycle:23, person:15"
126,4.200,baseline,0+1+2,ebike+driver+passenger,62.060,16.113,0,"ebike:0, driver:0, passenger:0"
126,4.200,bifpn,0+1+2,ebike+driver+passenger,60.159,16.623,0,"ebike:0, driver:0, passenger:0"
126,4.200,yolov8n,1+3+0,bicycle+motorcycle+person,62.320,16.046,32,"bicycle:0, motorcycle:18, person:14"
127,4.233,baseline,0+1+2,ebike+driver+passenger,62.844,15.913,0,"ebike:0, driver:0, passenger:0"
127,4.233,bifpn,0+1+2,ebike+driver+passenger,66.549,15.027,0,"ebike:0, driver:0, passenger:0"
127,4.233,yolov8n,1+3+0,bicycle+motorcycle+person,66.987,14.928,32,"bicycle:0, motorcycle:18, person:14"
128,4.267,baseline,0+1+2,ebike+driver+passenger,60.953,16.406,0,"ebike:0, driver:0, passenger:0"
128,4.267,bifpn,0+1+2,ebike+driver+passenger,62.212,16.074,0,"ebike:0, driver:0, passenger:0"
128,4.267,yolov8n,1+3+0,bicycle+motorcycle+person,65.769,15.205,34,"bicycle:0, motorcycle:21, person:13"
129,4.300,baseline,0+1+2,ebike+driver+passenger,60.763,16.457,0,"ebike:0, driver:0, passenger:0"
129,4.300,bifpn,0+1+2,ebike+driver+passenger,57.365,17.432,0,"ebike:0, driver:0, passenger:0"
129,4.300,yolov8n,1+3+0,bicycle+motorcycle+person,60.954,16.406,31,"bicycle:0, motorcycle:19, person:12"
130,4.333,baseline,0+1+2,ebike+driver+passenger,57.086,17.517,0,"ebike:0, driver:0, passenger:0"
130,4.333,bifpn,0+1+2,ebike+driver+passenger,59.865,16.704,0,"ebike:0, driver:0, passenger:0"
130,4.333,yolov8n,1+3+0,bicycle+motorcycle+person,62.794,15.925,32,"bicycle:0, motorcycle:20, person:12"
131,4.367,baseline,0+1+2,ebike+driver+passenger,60.119,16.634,0,"ebike:0, driver:0, passenger:0"
131,4.367,bifpn,0+1+2,ebike+driver+passenger,60.329,16.576,0,"ebike:0, driver:0, passenger:0"
131,4.367,yolov8n,1+3+0,bicycle+motorcycle+person,63.290,15.800,36,"bicycle:0, motorcycle:21, person:15"
132,4.400,baseline,0+1+2,ebike+driver+passenger,56.209,17.791,0,"ebike:0, driver:0, passenger:0"
132,4.400,bifpn,0+1+2,ebike+driver+passenger,60.723,16.468,0,"ebike:0, driver:0, passenger:0"
132,4.400,yolov8n,1+3+0,bicycle+motorcycle+person,61.929,16.147,33,"bicycle:0, motorcycle:19, person:14"
133,4.433,baseline,0+1+2,ebike+driver+passenger,59.923,16.688,0,"ebike:0, driver:0, passenger:0"
133,4.433,bifpn,0+1+2,ebike+driver+passenger,59.379,16.841,0,"ebike:0, driver:0, passenger:0"
133,4.433,yolov8n,1+3+0,bicycle+motorcycle+person,61.407,16.285,33,"bicycle:0, motorcycle:18, person:15"
134,4.467,baseline,0+1+2,ebike+driver+passenger,58.491,17.097,0,"ebike:0, driver:0, passenger:0"
134,4.467,bifpn,0+1+2,ebike+driver+passenger,60.845,16.435,0,"ebike:0, driver:0, passenger:0"
134,4.467,yolov8n,1+3+0,bicycle+motorcycle+person,61.938,16.145,30,"bicycle:0, motorcycle:17, person:13"
135,4.500,baseline,0+1+2,ebike+driver+passenger,61.968,16.137,0,"ebike:0, driver:0, passenger:0"
135,4.500,bifpn,0+1+2,ebike+driver+passenger,57.970,17.250,0,"ebike:0, driver:0, passenger:0"
135,4.500,yolov8n,1+3+0,bicycle+motorcycle+person,61.298,16.314,34,"bicycle:0, motorcycle:20, person:14"
136,4.533,baseline,0+1+2,ebike+driver+passenger,58.839,16.996,0,"ebike:0, driver:0, passenger:0"
136,4.533,bifpn,0+1+2,ebike+driver+passenger,58.727,17.028,0,"ebike:0, driver:0, passenger:0"
136,4.533,yolov8n,1+3+0,bicycle+motorcycle+person,62.877,15.904,36,"bicycle:0, motorcycle:19, person:17"
137,4.567,baseline,0+1+2,ebike+driver+passenger,59.332,16.854,0,"ebike:0, driver:0, passenger:0"
137,4.567,bifpn,0+1+2,ebike+driver+passenger,58.998,16.950,0,"ebike:0, driver:0, passenger:0"
137,4.567,yolov8n,1+3+0,bicycle+motorcycle+person,63.356,15.784,38,"bicycle:0, motorcycle:21, person:17"
138,4.600,baseline,0+1+2,ebike+driver+passenger,63.814,15.671,0,"ebike:0, driver:0, passenger:0"
138,4.600,bifpn,0+1+2,ebike+driver+passenger,64.993,15.386,0,"ebike:0, driver:0, passenger:0"
138,4.600,yolov8n,1+3+0,bicycle+motorcycle+person,65.631,15.237,32,"bicycle:1, motorcycle:18, person:13"
139,4.633,baseline,0+1+2,ebike+driver+passenger,59.678,16.757,0,"ebike:0, driver:0, passenger:0"
139,4.633,bifpn,0+1+2,ebike+driver+passenger,64.351,15.540,0,"ebike:0, driver:0, passenger:0"
139,4.633,yolov8n,1+3+0,bicycle+motorcycle+person,66.002,15.151,34,"bicycle:0, motorcycle:19, person:15"
140,4.667,baseline,0+1+2,ebike+driver+passenger,60.093,16.641,0,"ebike:0, driver:0, passenger:0"
140,4.667,bifpn,0+1+2,ebike+driver+passenger,62.246,16.065,0,"ebike:0, driver:0, passenger:0"
140,4.667,yolov8n,1+3+0,bicycle+motorcycle+person,66.931,14.941,33,"bicycle:0, motorcycle:18, person:15"
141,4.700,baseline,0+1+2,ebike+driver+passenger,64.912,15.406,0,"ebike:0, driver:0, passenger:0"
141,4.700,bifpn,0+1+2,ebike+driver+passenger,59.580,16.784,0,"ebike:0, driver:0, passenger:0"
141,4.700,yolov8n,1+3+0,bicycle+motorcycle+person,65.484,15.271,33,"bicycle:0, motorcycle:20, person:13"
142,4.733,baseline,0+1+2,ebike+driver+passenger,60.301,16.584,0,"ebike:0, driver:0, passenger:0"
142,4.733,bifpn,0+1+2,ebike+driver+passenger,62.144,16.092,0,"ebike:0, driver:0, passenger:0"
142,4.733,yolov8n,1+3+0,bicycle+motorcycle+person,65.989,15.154,30,"bicycle:0, motorcycle:18, person:12"
143,4.767,baseline,0+1+2,ebike+driver+passenger,58.900,16.978,0,"ebike:0, driver:0, passenger:0"
143,4.767,bifpn,0+1+2,ebike+driver+passenger,58.570,17.074,0,"ebike:0, driver:0, passenger:0"
143,4.767,yolov8n,1+3+0,bicycle+motorcycle+person,64.315,15.548,31,"bicycle:0, motorcycle:18, person:13"
144,4.800,baseline,0+1+2,ebike+driver+passenger,60.785,16.452,0,"ebike:0, driver:0, passenger:0"
144,4.800,bifpn,0+1+2,ebike+driver+passenger,61.011,16.390,0,"ebike:0, driver:0, passenger:0"
144,4.800,yolov8n,1+3+0,bicycle+motorcycle+person,64.685,15.459,30,"bicycle:0, motorcycle:18, person:12"
145,4.833,baseline,0+1+2,ebike+driver+passenger,62.003,16.128,0,"ebike:0, driver:0, passenger:0"
145,4.833,bifpn,0+1+2,ebike+driver+passenger,62.401,16.025,0,"ebike:0, driver:0, passenger:0"
145,4.833,yolov8n,1+3+0,bicycle+motorcycle+person,62.875,15.905,31,"bicycle:0, motorcycle:18, person:13"
146,4.867,baseline,0+1+2,ebike+driver+passenger,62.286,16.055,0,"ebike:0, driver:0, passenger:0"
146,4.867,bifpn,0+1+2,ebike+driver+passenger,62.019,16.124,0,"ebike:0, driver:0, passenger:0"
146,4.867,yolov8n,1+3+0,bicycle+motorcycle+person,63.263,15.807,29,"bicycle:0, motorcycle:18, person:11"
147,4.900,baseline,0+1+2,ebike+driver+passenger,59.416,16.830,0,"ebike:0, driver:0, passenger:0"
147,4.900,bifpn,0+1+2,ebike+driver+passenger,57.625,17.354,0,"ebike:0, driver:0, passenger:0"
147,4.900,yolov8n,1+3+0,bicycle+motorcycle+person,61.546,16.248,29,"bicycle:0, motorcycle:17, person:12"
148,4.933,baseline,0+1+2,ebike+driver+passenger,60.498,16.529,0,"ebike:0, driver:0, passenger:0"
148,4.933,bifpn,0+1+2,ebike+driver+passenger,57.925,17.264,0,"ebike:0, driver:0, passenger:0"
148,4.933,yolov8n,1+3+0,bicycle+motorcycle+person,61.069,16.375,30,"bicycle:0, motorcycle:15, person:15"
149,4.967,baseline,0+1+2,ebike+driver+passenger,58.265,17.163,0,"ebike:0, driver:0, passenger:0"
149,4.967,bifpn,0+1+2,ebike+driver+passenger,58.499,17.094,0,"ebike:0, driver:0, passenger:0"
149,4.967,yolov8n,1+3+0,bicycle+motorcycle+person,61.768,16.190,29,"bicycle:0, motorcycle:18, person:11"
150,5.000,baseline,0+1+2,ebike+driver+passenger,67.379,14.842,0,"ebike:0, driver:0, passenger:0"
150,5.000,bifpn,0+1+2,ebike+driver+passenger,65.277,15.319,0,"ebike:0, driver:0, passenger:0"
150,5.000,yolov8n,1+3+0,bicycle+motorcycle+person,65.763,15.206,34,"bicycle:1, motorcycle:18, person:15"
151,5.033,baseline,0+1+2,ebike+driver+passenger,63.214,15.819,0,"ebike:0, driver:0, passenger:0"
151,5.033,bifpn,0+1+2,ebike+driver+passenger,61.568,16.242,0,"ebike:0, driver:0, passenger:0"
151,5.033,yolov8n,1+3+0,bicycle+motorcycle+person,63.099,15.848,34,"bicycle:1, motorcycle:18, person:15"
152,5.067,baseline,0+1+2,ebike+driver+passenger,56.290,17.765,0,"ebike:0, driver:0, passenger:0"
152,5.067,bifpn,0+1+2,ebike+driver+passenger,60.887,16.424,0,"ebike:0, driver:0, passenger:0"
152,5.067,yolov8n,1+3+0,bicycle+motorcycle+person,64.511,15.501,29,"bicycle:1, motorcycle:15, person:13"
153,5.100,baseline,0+1+2,ebike+driver+passenger,65.369,15.298,0,"ebike:0, driver:0, passenger:0"
153,5.100,bifpn,0+1+2,ebike+driver+passenger,63.300,15.798,0,"ebike:0, driver:0, passenger:0"
153,5.100,yolov8n,1+3+0,bicycle+motorcycle+person,68.709,14.554,26,"bicycle:1, motorcycle:12, person:13"
154,5.133,baseline,0+1+2,ebike+driver+passenger,65.809,15.195,0,"ebike:0, driver:0, passenger:0"
154,5.133,bifpn,0+1+2,ebike+driver+passenger,68.172,14.669,0,"ebike:0, driver:0, passenger:0"
154,5.133,yolov8n,1+3+0,bicycle+motorcycle+person,70.944,14.096,21,"bicycle:1, motorcycle:10, person:10"
155,5.167,baseline,0+1+2,ebike+driver+passenger,65.370,15.298,0,"ebike:0, driver:0, passenger:0"
155,5.167,bifpn,0+1+2,ebike+driver+passenger,70.573,14.170,0,"ebike:0, driver:0, passenger:0"
155,5.167,yolov8n,1+3+0,bicycle+motorcycle+person,70.637,14.157,23,"bicycle:1, motorcycle:12, person:10"
156,5.200,baseline,0+1+2,ebike+driver+passenger,67.098,14.904,0,"ebike:0, driver:0, passenger:0"
156,5.200,bifpn,0+1+2,ebike+driver+passenger,63.304,15.797,0,"ebike:0, driver:0, passenger:0"
156,5.200,yolov8n,1+3+0,bicycle+motorcycle+person,68.625,14.572,27,"bicycle:1, motorcycle:15, person:11"
157,5.233,baseline,0+1+2,ebike+driver+passenger,64.136,15.592,0,"ebike:0, driver:0, passenger:0"
157,5.233,bifpn,0+1+2,ebike+driver+passenger,64.741,15.446,0,"ebike:0, driver:0, passenger:0"
157,5.233,yolov8n,1+3+0,bicycle+motorcycle+person,68.266,14.649,28,"bicycle:1, motorcycle:15, person:12"
158,5.267,baseline,0+1+2,ebike+driver+passenger,59.371,16.843,0,"ebike:0, driver:0, passenger:0"
158,5.267,bifpn,0+1+2,ebike+driver+passenger,63.924,15.644,0,"ebike:0, driver:0, passenger:0"
158,5.267,yolov8n,1+3+0,bicycle+motorcycle+person,66.983,14.929,29,"bicycle:0, motorcycle:13, person:16"
159,5.300,baseline,0+1+2,ebike+driver+passenger,62.072,16.110,0,"ebike:0, driver:0, passenger:0"
159,5.300,bifpn,0+1+2,ebike+driver+passenger,57.626,17.353,0,"ebike:0, driver:0, passenger:0"
159,5.300,yolov8n,1+3+0,bicycle+motorcycle+person,63.515,15.744,30,"bicycle:0, motorcycle:14, person:16"
160,5.333,baseline,0+1+2,ebike+driver+passenger,58.657,17.048,0,"ebike:0, driver:0, passenger:0"
160,5.333,bifpn,0+1+2,ebike+driver+passenger,61.518,16.255,0,"ebike:0, driver:0, passenger:0"
160,5.333,yolov8n,1+3+0,bicycle+motorcycle+person,62.493,16.002,34,"bicycle:1, motorcycle:16, person:17"
161,5.367,baseline,0+1+2,ebike+driver+passenger,63.227,15.816,0,"ebike:0, driver:0, passenger:0"
161,5.367,bifpn,0+1+2,ebike+driver+passenger,61.313,16.310,0,"ebike:0, driver:0, passenger:0"
161,5.367,yolov8n,1+3+0,bicycle+motorcycle+person,65.163,15.346,30,"bicycle:1, motorcycle:15, person:14"
162,5.400,baseline,0+1+2,ebike+driver+passenger,59.392,16.837,0,"ebike:0, driver:0, passenger:0"
162,5.400,bifpn,0+1+2,ebike+driver+passenger,60.062,16.650,0,"ebike:0, driver:0, passenger:0"
162,5.400,yolov8n,1+3+0,bicycle+motorcycle+person,67.915,14.724,31,"bicycle:1, motorcycle:18, person:12"
163,5.433,baseline,0+1+2,ebike+driver+passenger,59.701,16.750,0,"ebike:0, driver:0, passenger:0"
163,5.433,bifpn,0+1+2,ebike+driver+passenger,59.652,16.764,0,"ebike:0, driver:0, passenger:0"
163,5.433,yolov8n,1+3+0,bicycle+motorcycle+person,60.601,16.502,30,"bicycle:0, motorcycle:18, person:12"
164,5.467,baseline,0+1+2,ebike+driver+passenger,58.840,16.995,0,"ebike:0, driver:0, passenger:0"
164,5.467,bifpn,0+1+2,ebike+driver+passenger,59.624,16.772,0,"ebike:0, driver:0, passenger:0"
164,5.467,yolov8n,1+3+0,bicycle+motorcycle+person,61.733,16.199,30,"bicycle:0, motorcycle:16, person:14"
165,5.500,baseline,0+1+2,ebike+driver+passenger,61.910,16.153,0,"ebike:0, driver:0, passenger:0"
165,5.500,bifpn,0+1+2,ebike+driver+passenger,60.494,16.530,0,"ebike:0, driver:0, passenger:0"
165,5.500,yolov8n,1+3+0,bicycle+motorcycle+person,64.842,15.422,33,"bicycle:0, motorcycle:19, person:14"
166,5.533,baseline,0+1+2,ebike+driver+passenger,58.747,17.022,0,"ebike:0, driver:0, passenger:0"
166,5.533,bifpn,0+1+2,ebike+driver+passenger,59.769,16.731,0,"ebike:0, driver:0, passenger:0"
166,5.533,yolov8n,1+3+0,bicycle+motorcycle+person,62.653,15.961,34,"bicycle:0, motorcycle:19, person:15"
167,5.567,baseline,0+1+2,ebike+driver+passenger,60.876,16.427,0,"ebike:0, driver:0, passenger:0"
167,5.567,bifpn,0+1+2,ebike+driver+passenger,61.085,16.371,0,"ebike:0, driver:0, passenger:0"
167,5.567,yolov8n,1+3+0,bicycle+motorcycle+person,64.141,15.591,34,"bicycle:0, motorcycle:19, person:15"
168,5.600,baseline,0+1+2,ebike+driver+passenger,60.966,16.403,0,"ebike:0, driver:0, passenger:0"
168,5.600,bifpn,0+1+2,ebike+driver+passenger,60.188,16.615,0,"ebike:0, driver:0, passenger:0"
168,5.600,yolov8n,1+3+0,bicycle+motorcycle+person,65.590,15.246,38,"bicycle:0, motorcycle:22, person:16"
169,5.633,baseline,0+1+2,ebike+driver+passenger,60.672,16.482,0,"ebike:0, driver:0, passenger:0"
169,5.633,bifpn,0+1+2,ebike+driver+passenger,59.311,16.860,0,"ebike:0, driver:0, passenger:0"
169,5.633,yolov8n,1+3+0,bicycle+motorcycle+person,64.435,15.519,39,"bicycle:0, motorcycle:21, person:18"
170,5.667,baseline,0+1+2,ebike+driver+passenger,60.017,16.662,0,"ebike:0, driver:0, passenger:0"
170,5.667,bifpn,0+1+2,ebike+driver+passenger,57.824,17.294,0,"ebike:0, driver:0, passenger:0"
170,5.667,yolov8n,1+3+0,bicycle+motorcycle+person,63.439,15.763,36,"bicycle:0, motorcycle:17, person:19"
171,5.700,baseline,0+1+2,ebike+driver+passenger,60.858,16.432,0,"ebike:0, driver:0, passenger:0"
171,5.700,bifpn,0+1+2,ebike+driver+passenger,58.599,17.065,0,"ebike:0, driver:0, passenger:0"
171,5.700,yolov8n,1+3+0,bicycle+motorcycle+person,64.115,15.597,33,"bicycle:0, motorcycle:18, person:15"
172,5.733,baseline,0+1+2,ebike+driver+passenger,60.355,16.569,0,"ebike:0, driver:0, passenger:0"
172,5.733,bifpn,0+1+2,ebike+driver+passenger,62.481,16.005,0,"ebike:0, driver:0, passenger:0"
172,5.733,yolov8n,1+3+0,bicycle+motorcycle+person,63.124,15.842,36,"bicycle:0, motorcycle:17, person:19"
173,5.767,baseline,0+1+2,ebike+driver+passenger,62.425,16.019,0,"ebike:0, driver:0, passenger:0"
173,5.767,bifpn,0+1+2,ebike+driver+passenger,60.266,16.593,0,"ebike:0, driver:0, passenger:0"
173,5.767,yolov8n,1+3+0,bicycle+motorcycle+person,61.719,16.203,38,"bicycle:0, motorcycle:18, person:20"
174,5.800,baseline,0+1+2,ebike+driver+passenger,62.747,15.937,0,"ebike:0, driver:0, passenger:0"
174,5.800,bifpn,0+1+2,ebike+driver+passenger,62.133,16.095,0,"ebike:0, driver:0, passenger:0"
174,5.800,yolov8n,1+3+0,bicycle+motorcycle+person,65.458,15.277,36,"bicycle:0, motorcycle:15, person:21"
175,5.833,baseline,0+1+2,ebike+driver+passenger,63.321,15.792,0,"ebike:0, driver:0, passenger:0"
175,5.833,bifpn,0+1+2,ebike+driver+passenger,65.487,15.270,0,"ebike:0, driver:0, passenger:0"
175,5.833,yolov8n,1+3+0,bicycle+motorcycle+person,65.788,15.200,33,"bicycle:0, motorcycle:14, person:19"
176,5.867,baseline,0+1+2,ebike+driver+passenger,62.349,16.039,0,"ebike:0, driver:0, passenger:0"
176,5.867,bifpn,0+1+2,ebike+driver+passenger,58.842,16.995,0,"ebike:0, driver:0, passenger:0"
176,5.867,yolov8n,1+3+0,bicycle+motorcycle+person,62.417,16.021,39,"bicycle:0, motorcycle:14, person:25"
177,5.900,baseline,0+1+2,ebike+driver+passenger,60.392,16.558,0,"ebike:0, driver:0, passenger:0"
177,5.900,bifpn,0+1+2,ebike+driver+passenger,60.348,16.571,0,"ebike:0, driver:0, passenger:0"
177,5.900,yolov8n,1+3+0,bicycle+motorcycle+person,63.136,15.839,35,"bicycle:0, motorcycle:14, person:21"
178,5.933,baseline,0+1+2,ebike+driver+passenger,62.367,16.034,0,"ebike:0, driver:0, passenger:0"
178,5.933,bifpn,0+1+2,ebike+driver+passenger,60.909,16.418,0,"ebike:0, driver:0, passenger:0"
178,5.933,yolov8n,1+3+0,bicycle+motorcycle+person,65.737,15.212,34,"bicycle:0, motorcycle:15, person:19"
179,5.967,baseline,0+1+2,ebike+driver+passenger,59.840,16.711,0,"ebike:0, driver:0, passenger:0"
179,5.967,bifpn,0+1+2,ebike+driver+passenger,60.017,16.662,0,"ebike:0, driver:0, passenger:0"
179,5.967,yolov8n,1+3+0,bicycle+motorcycle+person,62.052,16.116,32,"bicycle:0, motorcycle:13, person:19"
180,6.000,baseline,0+1+2,ebike+driver+passenger,59.997,16.667,0,"ebike:0, driver:0, passenger:0"
180,6.000,bifpn,0+1+2,ebike+driver+passenger,58.675,17.043,0,"ebike:0, driver:0, passenger:0"
180,6.000,yolov8n,1+3+0,bicycle+motorcycle+person,61.956,16.140,29,"bicycle:0, motorcycle:13, person:16"
181,6.033,baseline,0+1+2,ebike+driver+passenger,56.694,17.638,0,"ebike:0, driver:0, passenger:0"
181,6.033,bifpn,0+1+2,ebike+driver+passenger,59.917,16.690,0,"ebike:0, driver:0, passenger:0"
181,6.033,yolov8n,1+3+0,bicycle+motorcycle+person,61.067,16.375,33,"bicycle:0, motorcycle:13, person:20"
182,6.067,baseline,0+1+2,ebike+driver+passenger,59.841,16.711,0,"ebike:0, driver:0, passenger:0"
182,6.067,bifpn,0+1+2,ebike+driver+passenger,60.360,16.567,0,"ebike:0, driver:0, passenger:0"
182,6.067,yolov8n,1+3+0,bicycle+motorcycle+person,64.463,15.513,32,"bicycle:0, motorcycle:12, person:20"
183,6.100,baseline,0+1+2,ebike+driver+passenger,60.854,16.433,0,"ebike:0, driver:0, passenger:0"
183,6.100,bifpn,0+1+2,ebike+driver+passenger,59.652,16.764,0,"ebike:0, driver:0, passenger:0"
183,6.100,yolov8n,1+3+0,bicycle+motorcycle+person,60.228,16.604,32,"bicycle:0, motorcycle:11, person:21"
184,6.133,baseline,0+1+2,ebike+driver+passenger,57.670,17.340,0,"ebike:0, driver:0, passenger:0"
184,6.133,bifpn,0+1+2,ebike+driver+passenger,58.374,17.131,0,"ebike:0, driver:0, passenger:0"
184,6.133,yolov8n,1+3+0,bicycle+motorcycle+person,66.704,14.992,31,"bicycle:0, motorcycle:12, person:19"
185,6.167,baseline,0+1+2,ebike+driver+passenger,61.757,16.193,0,"ebike:0, driver:0, passenger:0"
185,6.167,bifpn,0+1+2,ebike+driver+passenger,58.754,17.020,0,"ebike:0, driver:0, passenger:0"
185,6.167,yolov8n,1+3+0,bicycle+motorcycle+person,64.019,15.620,27,"bicycle:0, motorcycle:11, person:16"
186,6.200,baseline,0+1+2,ebike+driver+passenger,61.253,16.326,0,"ebike:0, driver:0, passenger:0"
186,6.200,bifpn,0+1+2,ebike+driver+passenger,61.049,16.380,0,"ebike:0, driver:0, passenger:0"
186,6.200,yolov8n,1+3+0,bicycle+motorcycle+person,65.504,15.266,27,"bicycle:0, motorcycle:10, person:17"
187,6.233,baseline,0+1+2,ebike+driver+passenger,58.135,17.201,0,"ebike:0, driver:0, passenger:0"
187,6.233,bifpn,0+1+2,ebike+driver+passenger,56.651,17.652,0,"ebike:0, driver:0, passenger:0"
187,6.233,yolov8n,1+3+0,bicycle+motorcycle+person,62.180,16.082,29,"bicycle:0, motorcycle:10, person:19"
188,6.267,baseline,0+1+2,ebike+driver+passenger,58.668,17.045,0,"ebike:0, driver:0, passenger:0"
188,6.267,bifpn,0+1+2,ebike+driver+passenger,57.614,17.357,0,"ebike:0, driver:0, passenger:0"
188,6.267,yolov8n,1+3+0,bicycle+motorcycle+person,62.201,16.077,27,"bicycle:0, motorcycle:10, person:17"
189,6.300,baseline,0+1+2,ebike+driver+passenger,58.050,17.226,0,"ebike:0, driver:0, passenger:0"
189,6.300,bifpn,0+1+2,ebike+driver+passenger,62.209,16.075,0,"ebike:0, driver:0, passenger:0"
189,6.300,yolov8n,1+3+0,bicycle+motorcycle+person,65.565,15.252,32,"bicycle:0, motorcycle:11, person:21"
190,6.333,baseline,0+1+2,ebike+driver+passenger,60.637,16.491,0,"ebike:0, driver:0, passenger:0"
190,6.333,bifpn,0+1+2,ebike+driver+passenger,58.239,17.171,0,"ebike:0, driver:0, passenger:0"
190,6.333,yolov8n,1+3+0,bicycle+motorcycle+person,62.517,15.996,24,"bicycle:0, motorcycle:12, person:12"
191,6.367,baseline,0+1+2,ebike+driver+passenger,59.010,16.946,0,"ebike:0, driver:0, passenger:0"
191,6.367,bifpn,0+1+2,ebike+driver+passenger,61.367,16.295,0,"ebike:0, driver:0, passenger:0"
191,6.367,yolov8n,1+3+0,bicycle+motorcycle+person,62.668,15.957,22,"bicycle:0, motorcycle:11, person:11"
192,6.400,baseline,0+1+2,ebike+driver+passenger,58.661,17.047,0,"ebike:0, driver:0, passenger:0"
192,6.400,bifpn,0+1+2,ebike+driver+passenger,62.148,16.091,0,"ebike:0, driver:0, passenger:0"
192,6.400,yolov8n,1+3+0,bicycle+motorcycle+person,67.029,14.919,28,"bicycle:0, motorcycle:15, person:13"
193,6.433,baseline,0+1+2,ebike+driver+passenger,61.832,16.173,0,"ebike:0, driver:0, passenger:0"
193,6.433,bifpn,0+1+2,ebike+driver+passenger,61.207,16.338,0,"ebike:0, driver:0, passenger:0"
193,6.433,yolov8n,1+3+0,bicycle+motorcycle+person,62.771,15.931,31,"bicycle:0, motorcycle:15, person:16"
194,6.467,baseline,0+1+2,ebike+driver+passenger,59.235,16.882,0,"ebike:0, driver:0, passenger:0"
194,6.467,bifpn,0+1+2,ebike+driver+passenger,60.471,16.537,0,"ebike:0, driver:0, passenger:0"
194,6.467,yolov8n,1+3+0,bicycle+motorcycle+person,64.389,15.531,32,"bicycle:0, motorcycle:13, person:19"
195,6.500,baseline,0+1+2,ebike+driver+passenger,60.640,16.491,0,"ebike:0, driver:0, passenger:0"
195,6.500,bifpn,0+1+2,ebike+driver+passenger,60.901,16.420,0,"ebike:0, driver:0, passenger:0"
195,6.500,yolov8n,1+3+0,bicycle+motorcycle+person,64.419,15.523,35,"bicycle:0, motorcycle:11, person:24"
196,6.533,baseline,0+1+2,ebike+driver+passenger,60.734,16.465,0,"ebike:0, driver:0, passenger:0"
196,6.533,bifpn,0+1+2,ebike+driver+passenger,58.386,17.127,0,"ebike:0, driver:0, passenger:0"
196,6.533,yolov8n,1+3+0,bicycle+motorcycle+person,62.590,15.977,37,"bicycle:0, motorcycle:12, person:25"
197,6.567,baseline,0+1+2,ebike+driver+passenger,61.840,16.171,0,"ebike:0, driver:0, passenger:0"
197,6.567,bifpn,0+1+2,ebike+driver+passenger,64.105,15.599,0,"ebike:0, driver:0, passenger:0"
197,6.567,yolov8n,1+3+0,bicycle+motorcycle+person,64.386,15.531,37,"bicycle:0, motorcycle:11, person:26"
198,6.600,baseline,0+1+2,ebike+driver+passenger,61.595,16.235,0,"ebike:0, driver:0, passenger:0"
198,6.600,bifpn,0+1+2,ebike+driver+passenger,62.203,16.076,0,"ebike:0, driver:0, passenger:0"
198,6.600,yolov8n,1+3+0,bicycle+motorcycle+person,61.426,16.280,30,"bicycle:0, motorcycle:11, person:19"
199,6.633,baseline,0+1+2,ebike+driver+passenger,58.389,17.127,0,"ebike:0, driver:0, passenger:0"
199,6.633,bifpn,0+1+2,ebike+driver+passenger,61.073,16.374,0,"ebike:0, driver:0, passenger:0"
199,6.633,yolov8n,1+3+0,bicycle+motorcycle+person,63.633,15.715,37,"bicycle:0, motorcycle:16, person:21"
200,6.667,baseline,0+1+2,ebike+driver+passenger,67.045,14.915,0,"ebike:0, driver:0, passenger:0"
200,6.667,bifpn,0+1+2,ebike+driver+passenger,66.035,15.143,0,"ebike:0, driver:0, passenger:0"
200,6.667,yolov8n,1+3+0,bicycle+motorcycle+person,64.223,15.571,39,"bicycle:0, motorcycle:15, person:24"
201,6.700,baseline,0+1+2,ebike+driver+passenger,60.738,16.464,0,"ebike:0, driver:0, passenger:0"
201,6.700,bifpn,0+1+2,ebike+driver+passenger,58.676,17.043,0,"ebike:0, driver:0, passenger:0"
201,6.700,yolov8n,1+3+0,bicycle+motorcycle+person,63.975,15.631,43,"bicycle:0, motorcycle:18, person:25"
202,6.733,baseline,0+1+2,ebike+driver+passenger,60.784,16.452,0,"ebike:0, driver:0, passenger:0"
202,6.733,bifpn,0+1+2,ebike+driver+passenger,64.184,15.580,0,"ebike:0, driver:0, passenger:0"
202,6.733,yolov8n,1+3+0,bicycle+motorcycle+person,68.125,14.679,44,"bicycle:0, motorcycle:19, person:25"
203,6.767,baseline,0+1+2,ebike+driver+passenger,66.176,15.111,0,"ebike:0, driver:0, passenger:0"
203,6.767,bifpn,0+1+2,ebike+driver+passenger,67.491,14.817,0,"ebike:0, driver:0, passenger:0"
203,6.767,yolov8n,1+3+0,bicycle+motorcycle+person,69.947,14.296,44,"bicycle:1, motorcycle:17, person:26"
204,6.800,baseline,0+1+2,ebike+driver+passenger,66.759,14.979,0,"ebike:0, driver:0, passenger:0"
204,6.800,bifpn,0+1+2,ebike+driver+passenger,62.692,15.951,0,"ebike:0, driver:0, passenger:0"
204,6.800,yolov8n,1+3+0,bicycle+motorcycle+person,70.866,14.111,39,"bicycle:0, motorcycle:18, person:21"
205,6.833,baseline,0+1+2,ebike+driver+passenger,66.241,15.096,0,"ebike:0, driver:0, passenger:0"
205,6.833,bifpn,0+1+2,ebike+driver+passenger,66.500,15.038,0,"ebike:0, driver:0, passenger:0"
205,6.833,yolov8n,1+3+0,bicycle+motorcycle+person,69.315,14.427,35,"bicycle:0, motorcycle:17, person:18"
206,6.867,baseline,0+1+2,ebike+driver+passenger,68.318,14.637,0,"ebike:0, driver:0, passenger:0"
206,6.867,bifpn,0+1+2,ebike+driver+passenger,64.332,15.544,0,"ebike:0, driver:0, passenger:0"
206,6.867,yolov8n,1+3+0,bicycle+motorcycle+person,68.609,14.575,37,"bicycle:0, motorcycle:18, person:19"
207,6.900,baseline,0+1+2,ebike+driver+passenger,62.920,15.893,0,"ebike:0, driver:0, passenger:0"
207,6.900,bifpn,0+1+2,ebike+driver+passenger,65.697,15.221,0,"ebike:0, driver:0, passenger:0"
207,6.900,yolov8n,1+3+0,bicycle+motorcycle+person,67.201,14.881,39,"bicycle:0, motorcycle:18, person:21"
208,6.933,baseline,0+1+2,ebike+driver+passenger,61.664,16.217,0,"ebike:0, driver:0, passenger:0"
208,6.933,bifpn,0+1+2,ebike+driver+passenger,65.637,15.235,0,"ebike:0, driver:0, passenger:0"
208,6.933,yolov8n,1+3+0,bicycle+motorcycle+person,65.347,15.303,32,"bicycle:1, motorcycle:18, person:13"
209,6.967,baseline,0+1+2,ebike+driver+passenger,60.332,16.575,0,"ebike:0, driver:0, passenger:0"
209,6.967,bifpn,0+1+2,ebike+driver+passenger,61.047,16.381,0,"ebike:0, driver:0, passenger:0"
209,6.967,yolov8n,1+3+0,bicycle+motorcycle+person,63.842,15.664,34,"bicycle:1, motorcycle:15, person:18"
210,7.000,baseline,0+1+2,ebike+driver+passenger,61.031,16.385,0,"ebike:0, driver:0, passenger:0"
210,7.000,bifpn,0+1+2,ebike+driver+passenger,61.209,16.338,0,"ebike:0, driver:0, passenger:0"
210,7.000,yolov8n,1+3+0,bicycle+motorcycle+person,64.307,15.550,30,"bicycle:0, motorcycle:18, person:12"
211,7.033,baseline,0+1+2,ebike+driver+passenger,62.923,15.892,0,"ebike:0, driver:0, passenger:0"
211,7.033,bifpn,0+1+2,ebike+driver+passenger,62.079,16.108,0,"ebike:0, driver:0, passenger:0"
211,7.033,yolov8n,1+3+0,bicycle+motorcycle+person,63.354,15.784,34,"bicycle:0, motorcycle:19, person:15"
212,7.067,baseline,0+1+2,ebike+driver+passenger,66.298,15.084,0,"ebike:0, driver:0, passenger:0"
212,7.067,bifpn,0+1+2,ebike+driver+passenger,63.639,15.714,0,"ebike:0, driver:0, passenger:0"
212,7.067,yolov8n,1+3+0,bicycle+motorcycle+person,66.530,15.031,33,"bicycle:0, motorcycle:19, person:14"
213,7.100,baseline,0+1+2,ebike+driver+passenger,64.954,15.396,0,"ebike:0, driver:0, passenger:0"
213,7.100,bifpn,0+1+2,ebike+driver+passenger,62.476,16.006,0,"ebike:0, driver:0, passenger:0"
213,7.100,yolov8n,1+3+0,bicycle+motorcycle+person,65.895,15.176,38,"bicycle:0, motorcycle:18, person:20"
214,7.133,baseline,0+1+2,ebike+driver+passenger,62.339,16.041,0,"ebike:0, driver:0, passenger:0"
214,7.133,bifpn,0+1+2,ebike+driver+passenger,58.477,17.101,0,"ebike:0, driver:0, passenger:0"
214,7.133,yolov8n,1+3+0,bicycle+motorcycle+person,61.350,16.300,36,"bicycle:0, motorcycle:11, person:25"
215,7.167,baseline,0+1+2,ebike+driver+passenger,62.322,16.046,0,"ebike:0, driver:0, passenger:0"
215,7.167,bifpn,0+1+2,ebike+driver+passenger,61.749,16.195,0,"ebike:0, driver:0, passenger:0"
215,7.167,yolov8n,1+3+0,bicycle+motorcycle+person,63.808,15.672,31,"bicycle:0, motorcycle:11, person:20"
216,7.200,baseline,0+1+2,ebike+driver+passenger,59.432,16.826,0,"ebike:0, driver:0, passenger:0"
216,7.200,bifpn,0+1+2,ebike+driver+passenger,60.339,16.573,0,"ebike:0, driver:0, passenger:0"
216,7.200,yolov8n,1+3+0,bicycle+motorcycle+person,62.734,15.940,31,"bicycle:0, motorcycle:9, person:22"
217,7.233,baseline,0+1+2,ebike+driver+passenger,59.390,16.838,0,"ebike:0, driver:0, passenger:0"
217,7.233,bifpn,0+1+2,ebike+driver+passenger,59.237,16.881,0,"ebike:0, driver:0, passenger:0"
217,7.233,yolov8n,1+3+0,bicycle+motorcycle+person,61.191,16.342,24,"bicycle:0, motorcycle:11, person:13"
218,7.267,baseline,0+1+2,ebike+driver+passenger,58.087,17.215,0,"ebike:0, driver:0, passenger:0"
218,7.267,bifpn,0+1+2,ebike+driver+passenger,61.846,16.169,1,"ebike:1, driver:0, passenger:0"
218,7.267,yolov8n,1+3+0,bicycle+motorcycle+person,65.128,15.354,26,"bicycle:0, motorcycle:11, person:15"
219,7.300,baseline,0+1+2,ebike+driver+passenger,62.379,16.031,0,"ebike:0, driver:0, passenger:0"
219,7.300,bifpn,0+1+2,ebike+driver+passenger,62.117,16.099,1,"ebike:1, driver:0, passenger:0"
219,7.300,yolov8n,1+3+0,bicycle+motorcycle+person,64.319,15.548,33,"bicycle:0, motorcycle:14, person:19"
220,7.333,baseline,0+1+2,ebike+driver+passenger,60.139,16.628,0,"ebike:0, driver:0, passenger:0"
220,7.333,bifpn,0+1+2,ebike+driver+passenger,59.268,16.873,1,"ebike:1, driver:0, passenger:0"
220,7.333,yolov8n,1+3+0,bicycle+motorcycle+person,65.433,15.283,31,"bicycle:0, motorcycle:12, person:19"
221,7.367,baseline,0+1+2,ebike+driver+passenger,59.284,16.868,0,"ebike:0, driver:0, passenger:0"
221,7.367,bifpn,0+1+2,ebike+driver+passenger,57.314,17.448,0,"ebike:0, driver:0, passenger:0"
221,7.367,yolov8n,1+3+0,bicycle+motorcycle+person,61.297,16.314,34,"bicycle:0, motorcycle:11, person:23"
222,7.400,baseline,0+1+2,ebike+driver+passenger,60.205,16.610,0,"ebike:0, driver:0, passenger:0"
222,7.400,bifpn,0+1+2,ebike+driver+passenger,58.373,17.131,0,"ebike:0, driver:0, passenger:0"
222,7.400,yolov8n,1+3+0,bicycle+motorcycle+person,61.172,16.347,33,"bicycle:0, motorcycle:13, person:20"
223,7.433,baseline,0+1+2,ebike+driver+passenger,64.588,15.483,0,"ebike:0, driver:0, passenger:0"
223,7.433,bifpn,0+1+2,ebike+driver+passenger,64.245,15.565,1,"ebike:1, driver:0, passenger:0"
223,7.433,yolov8n,1+3+0,bicycle+motorcycle+person,64.437,15.519,28,"bicycle:0, motorcycle:11, person:17"
224,7.467,baseline,0+1+2,ebike+driver+passenger,57.788,17.305,0,"ebike:0, driver:0, passenger:0"
224,7.467,bifpn,0+1+2,ebike+driver+passenger,65.873,15.181,1,"ebike:1, driver:0, passenger:0"
224,7.467,yolov8n,1+3+0,bicycle+motorcycle+person,66.731,14.986,26,"bicycle:0, motorcycle:11, person:15"
225,7.500,baseline,0+1+2,ebike+driver+passenger,65.374,15.297,0,"ebike:0, driver:0, passenger:0"
225,7.500,bifpn,0+1+2,ebike+driver+passenger,61.013,16.390,1,"ebike:1, driver:0, passenger:0"
225,7.500,yolov8n,1+3+0,bicycle+motorcycle+person,64.050,15.613,26,"bicycle:0, motorcycle:11, person:15"
226,7.533,baseline,0+1+2,ebike+driver+passenger,62.784,15.928,0,"ebike:0, driver:0, passenger:0"
226,7.533,bifpn,0+1+2,ebike+driver+passenger,61.910,16.153,2,"ebike:2, driver:0, passenger:0"
226,7.533,yolov8n,1+3+0,bicycle+motorcycle+person,61.423,16.280,30,"bicycle:0, motorcycle:13, person:17"
227,7.567,baseline,0+1+2,ebike+driver+passenger,59.714,16.747,0,"ebike:0, driver:0, passenger:0"
227,7.567,bifpn,0+1+2,ebike+driver+passenger,61.323,16.307,1,"ebike:1, driver:0, passenger:0"
227,7.567,yolov8n,1+3+0,bicycle+motorcycle+person,63.485,15.752,27,"bicycle:0, motorcycle:11, person:16"
228,7.600,baseline,0+1+2,ebike+driver+passenger,63.272,15.805,0,"ebike:0, driver:0, passenger:0"
228,7.600,bifpn,0+1+2,ebike+driver+passenger,62.598,15.975,1,"ebike:1, driver:0, passenger:0"
228,7.600,yolov8n,1+3+0,bicycle+motorcycle+person,64.914,15.405,28,"bicycle:0, motorcycle:11, person:17"
229,7.633,baseline,0+1+2,ebike+driver+passenger,59.955,16.679,0,"ebike:0, driver:0, passenger:0"
229,7.633,bifpn,0+1+2,ebike+driver+passenger,63.735,15.690,1,"ebike:1, driver:0, passenger:0"
229,7.633,yolov8n,1+3+0,bicycle+motorcycle+person,67.477,14.820,25,"bicycle:0, motorcycle:12, person:13"
230,7.667,baseline,0+1+2,ebike+driver+passenger,61.255,16.325,0,"ebike:0, driver:0, passenger:0"
230,7.667,bifpn,0+1+2,ebike+driver+passenger,60.428,16.549,1,"ebike:1, driver:0, passenger:0"
230,7.667,yolov8n,1+3+0,bicycle+motorcycle+person,64.057,15.611,30,"bicycle:0, motorcycle:14, person:16"
231,7.700,baseline,0+1+2,ebike+driver+passenger,58.515,17.090,0,"ebike:0, driver:0, passenger:0"
231,7.700,bifpn,0+1+2,ebike+driver+passenger,61.466,16.269,1,"ebike:1, driver:0, passenger:0"
231,7.700,yolov8n,1+3+0,bicycle+motorcycle+person,63.002,15.872,31,"bicycle:0, motorcycle:14, person:17"
232,7.733,baseline,0+1+2,ebike+driver+passenger,59.918,16.690,0,"ebike:0, driver:0, passenger:0"
232,7.733,bifpn,0+1+2,ebike+driver+passenger,59.996,16.668,1,"ebike:1, driver:0, passenger:0"
232,7.733,yolov8n,1+3+0,bicycle+motorcycle+person,61.921,16.150,29,"bicycle:0, motorcycle:12, person:17"
233,7.767,baseline,0+1+2,ebike+driver+passenger,60.951,16.407,0,"ebike:0, driver:0, passenger:0"
233,7.767,bifpn,0+1+2,ebike+driver+passenger,60.037,16.656,0,"ebike:0, driver:0, passenger:0"
233,7.767,yolov8n,1+3+0,bicycle+motorcycle+person,64.562,15.489,28,"bicycle:0, motorcycle:13, person:15"
234,7.800,baseline,0+1+2,ebike+driver+passenger,59.134,16.911,0,"ebike:0, driver:0, passenger:0"
234,7.800,bifpn,0+1+2,ebike+driver+passenger,60.086,16.643,0,"ebike:0, driver:0, passenger:0"
234,7.800,yolov8n,1+3+0,bicycle+motorcycle+person,63.513,15.745,29,"bicycle:0, motorcycle:13, person:16"
235,7.833,baseline,0+1+2,ebike+driver+passenger,61.454,16.272,0,"ebike:0, driver:0, passenger:0"
235,7.833,bifpn,0+1+2,ebike+driver+passenger,63.415,15.769,0,"ebike:0, driver:0, passenger:0"
235,7.833,yolov8n,1+3+0,bicycle+motorcycle+person,63.116,15.844,33,"bicycle:0, motorcycle:14, person:19"
236,7.867,baseline,0+1+2,ebike+driver+passenger,59.294,16.865,0,"ebike:0, driver:0, passenger:0"
236,7.867,bifpn,0+1+2,ebike+driver+passenger,59.740,16.739,0,"ebike:0, driver:0, passenger:0"
236,7.867,yolov8n,1+3+0,bicycle+motorcycle+person,63.116,15.844,36,"bicycle:0, motorcycle:14, person:22"
237,7.900,baseline,0+1+2,ebike+driver+passenger,58.699,17.036,0,"ebike:0, driver:0, passenger:0"
237,7.900,bifpn,0+1+2,ebike+driver+passenger,57.769,17.310,0,"ebike:0, driver:0, passenger:0"
237,7.900,yolov8n,1+3+0,bicycle+motorcycle+person,61.722,16.202,36,"bicycle:0, motorcycle:14, person:22"
238,7.933,baseline,0+1+2,ebike+driver+passenger,60.890,16.423,0,"ebike:0, driver:0, passenger:0"
238,7.933,bifpn,0+1+2,ebike+driver+passenger,61.081,16.372,0,"ebike:0, driver:0, passenger:0"
238,7.933,yolov8n,1+3+0,bicycle+motorcycle+person,63.171,15.830,38,"bicycle:0, motorcycle:15, person:23"
239,7.967,baseline,0+1+2,ebike+driver+passenger,57.662,17.342,0,"ebike:0, driver:0, passenger:0"
239,7.967,bifpn,0+1+2,ebike+driver+passenger,57.447,17.407,0,"ebike:0, driver:0, passenger:0"
239,7.967,yolov8n,1+3+0,bicycle+motorcycle+person,60.049,16.653,33,"bicycle:0, motorcycle:14, person:19"
240,8.000,baseline,0+1+2,ebike+driver+passenger,60.082,16.644,0,"ebike:0, driver:0, passenger:0"
240,8.000,bifpn,0+1+2,ebike+driver+passenger,62.231,16.069,0,"ebike:0, driver:0, passenger:0"
240,8.000,yolov8n,1+3+0,bicycle+motorcycle+person,62.642,15.964,36,"bicycle:0, motorcycle:18, person:18"
241,8.033,baseline,0+1+2,ebike+driver+passenger,63.525,15.742,0,"ebike:0, driver:0, passenger:0"
241,8.033,bifpn,0+1+2,ebike+driver+passenger,63.496,15.749,0,"ebike:0, driver:0, passenger:0"
241,8.033,yolov8n,1+3+0,bicycle+motorcycle+person,66.745,14.982,34,"bicycle:0, motorcycle:14, person:20"
242,8.067,baseline,0+1+2,ebike+driver+passenger,59.307,16.861,0,"ebike:0, driver:0, passenger:0"
242,8.067,bifpn,0+1+2,ebike+driver+passenger,60.991,16.396,0,"ebike:0, driver:0, passenger:0"
242,8.067,yolov8n,1+3+0,bicycle+motorcycle+person,61.615,16.230,33,"bicycle:0, motorcycle:16, person:17"
243,8.100,baseline,0+1+2,ebike+driver+passenger,64.805,15.431,0,"ebike:0, driver:0, passenger:0"
243,8.100,bifpn,0+1+2,ebike+driver+passenger,64.039,15.615,0,"ebike:0, driver:0, passenger:0"
243,8.100,yolov8n,1+3+0,bicycle+motorcycle+person,66.167,15.113,43,"bicycle:0, motorcycle:21, person:22"
244,8.133,baseline,0+1+2,ebike+driver+passenger,61.908,16.153,0,"ebike:0, driver:0, passenger:0"
244,8.133,bifpn,0+1+2,ebike+driver+passenger,62.551,15.987,0,"ebike:0, driver:0, passenger:0"
244,8.133,yolov8n,1+3+0,bicycle+motorcycle+person,65.331,15.307,43,"bicycle:0, motorcycle:21, person:22"
245,8.167,baseline,0+1+2,ebike+driver+passenger,59.423,16.828,0,"ebike:0, driver:0, passenger:0"
245,8.167,bifpn,0+1+2,ebike+driver+passenger,61.923,16.149,0,"ebike:0, driver:0, passenger:0"
245,8.167,yolov8n,1+3+0,bicycle+motorcycle+person,62.891,15.901,47,"bicycle:0, motorcycle:18, person:29"
246,8.200,baseline,0+1+2,ebike+driver+passenger,63.014,15.869,1,"ebike:1, driver:0, passenger:0"
246,8.200,bifpn,0+1+2,ebike+driver+passenger,62.646,15.963,0,"ebike:0, driver:0, passenger:0"
246,8.200,yolov8n,1+3+0,bicycle+motorcycle+person,69.481,14.392,39,"bicycle:0, motorcycle:14, person:25"
247,8.233,baseline,0+1+2,ebike+driver+passenger,61.162,16.350,0,"ebike:0, driver:0, passenger:0"
247,8.233,bifpn,0+1+2,ebike+driver+passenger,63.320,15.793,0,"ebike:0, driver:0, passenger:0"
247,8.233,yolov8n,1+3+0,bicycle+motorcycle+person,65.002,15.384,37,"bicycle:0, motorcycle:14, person:23"
248,8.267,baseline,0+1+2,ebike+driver+passenger,63.172,15.830,0,"ebike:0, driver:0, passenger:0"
248,8.267,bifpn,0+1+2,ebike+driver+passenger,61.560,16.244,0,"ebike:0, driver:0, passenger:0"
248,8.267,yolov8n,1+3+0,bicycle+motorcycle+person,63.016,15.869,35,"bicycle:0, motorcycle:13, person:22"
249,8.300,baseline,0+1+2,ebike+driver+passenger,58.482,17.099,2,"ebike:2, driver:0, passenger:0"
249,8.300,bifpn,0+1+2,ebike+driver+passenger,60.935,16.411,0,"ebike:0, driver:0, passenger:0"
249,8.300,yolov8n,1+3+0,bicycle+motorcycle+person,61.626,16.227,29,"bicycle:0, motorcycle:12, person:17"
250,8.333,baseline,0+1+2,ebike+driver+passenger,67.802,14.749,0,"ebike:0, driver:0, passenger:0"
250,8.333,bifpn,0+1+2,ebike+driver+passenger,66.954,14.936,0,"ebike:0, driver:0, passenger:0"
250,8.333,yolov8n,1+3+0,bicycle+motorcycle+person,63.585,15.727,28,"bicycle:0, motorcycle:11, person:17"
251,8.367,baseline,0+1+2,ebike+driver+passenger,61.052,16.379,0,"ebike:0, driver:0, passenger:0"
251,8.367,bifpn,0+1+2,ebike+driver+passenger,60.544,16.517,0,"ebike:0, driver:0, passenger:0"
251,8.367,yolov8n,1+3+0,bicycle+motorcycle+person,63.646,15.712,29,"bicycle:0, motorcycle:12, person:17"
252,8.400,baseline,0+1+2,ebike+driver+passenger,58.259,17.165,0,"ebike:0, driver:0, passenger:0"
252,8.400,bifpn,0+1+2,ebike+driver+passenger,64.495,15.505,0,"ebike:0, driver:0, passenger:0"
252,8.400,yolov8n,1+3+0,bicycle+motorcycle+person,68.359,14.629,39,"bicycle:0, motorcycle:14, person:25"
253,8.433,baseline,0+1+2,ebike+driver+passenger,64.564,15.489,0,"ebike:0, driver:0, passenger:0"
253,8.433,bifpn,0+1+2,ebike+driver+passenger,65.062,15.370,0,"ebike:0, driver:0, passenger:0"
253,8.433,yolov8n,1+3+0,bicycle+motorcycle+person,67.595,14.794,36,"bicycle:0, motorcycle:17, person:19"
254,8.467,baseline,0+1+2,ebike+driver+passenger,63.151,15.835,0,"ebike:0, driver:0, passenger:0"
254,8.467,bifpn,0+1+2,ebike+driver+passenger,63.344,15.787,0,"ebike:0, driver:0, passenger:0"
254,8.467,yolov8n,1+3+0,bicycle+motorcycle+person,70.161,14.253,33,"bicycle:0, motorcycle:14, person:19"
255,8.500,baseline,0+1+2,ebike+driver+passenger,68.094,14.686,1,"ebike:1, driver:0, passenger:0"
255,8.500,bifpn,0+1+2,ebike+driver+passenger,66.016,15.148,0,"ebike:0, driver:0, passenger:0"
255,8.500,yolov8n,1+3+0,bicycle+motorcycle+person,68.323,14.636,41,"bicycle:0, motorcycle:17, person:24"
256,8.533,baseline,0+1+2,ebike+driver+passenger,65.554,15.255,1,"ebike:1, driver:0, passenger:0"
256,8.533,bifpn,0+1+2,ebike+driver+passenger,58.264,17.163,0,"ebike:0, driver:0, passenger:0"
256,8.533,yolov8n,1+3+0,bicycle+motorcycle+person,64.652,15.467,39,"bicycle:1, motorcycle:14, person:24"
257,8.567,baseline,0+1+2,ebike+driver+passenger,64.564,15.488,1,"ebike:1, driver:0, passenger:0"
257,8.567,bifpn,0+1+2,ebike+driver+passenger,64.575,15.486,0,"ebike:0, driver:0, passenger:0"
257,8.567,yolov8n,1+3+0,bicycle+motorcycle+person,68.162,14.671,39,"bicycle:0, motorcycle:16, person:23"
258,8.600,baseline,0+1+2,ebike+driver+passenger,63.937,15.640,1,"ebike:1, driver:0, passenger:0"
258,8.600,bifpn,0+1+2,ebike+driver+passenger,63.916,15.646,0,"ebike:0, driver:0, passenger:0"
258,8.600,yolov8n,1+3+0,bicycle+motorcycle+person,67.512,14.812,35,"bicycle:0, motorcycle:18, person:17"
259,8.633,baseline,0+1+2,ebike+driver+passenger,62.004,16.128,0,"ebike:0, driver:0, passenger:0"
259,8.633,bifpn,0+1+2,ebike+driver+passenger,59.042,16.937,0,"ebike:0, driver:0, passenger:0"
259,8.633,yolov8n,1+3+0,bicycle+motorcycle+person,62.357,16.037,37,"bicycle:0, motorcycle:18, person:19"
260,8.667,baseline,0+1+2,ebike+driver+passenger,62.719,15.944,0,"ebike:0, driver:0, passenger:0"
260,8.667,bifpn,0+1+2,ebike+driver+passenger,61.004,16.392,0,"ebike:0, driver:0, passenger:0"
260,8.667,yolov8n,1+3+0,bicycle+motorcycle+person,62.147,16.091,43,"bicycle:0, motorcycle:17, person:26"
261,8.700,baseline,0+1+2,ebike+driver+passenger,63.246,15.811,1,"ebike:1, driver:0, passenger:0"
261,8.700,bifpn,0+1+2,ebike+driver+passenger,63.895,15.651,0,"ebike:0, driver:0, passenger:0"
261,8.700,yolov8n,1+3+0,bicycle+motorcycle+person,65.568,15.251,37,"bicycle:0, motorcycle:15, person:22"
262,8.733,baseline,0+1+2,ebike+driver+passenger,61.506,16.259,1,"ebike:1, driver:0, passenger:0"
262,8.733,bifpn,0+1+2,ebike+driver+passenger,60.735,16.465,0,"ebike:0, driver:0, passenger:0"
262,8.733,yolov8n,1+3+0,bicycle+motorcycle+person,64.568,15.487,38,"bicycle:0, motorcycle:15, person:23"
263,8.767,baseline,0+1+2,ebike+driver+passenger,63.138,15.838,1,"ebike:1, driver:0, passenger:0"
263,8.767,bifpn,0+1+2,ebike+driver+passenger,61.402,16.286,0,"ebike:0, driver:0, passenger:0"
263,8.767,yolov8n,1+3+0,bicycle+motorcycle+person,67.014,14.922,36,"bicycle:0, motorcycle:16, person:20"
264,8.800,baseline,0+1+2,ebike+driver+passenger,61.685,16.211,0,"ebike:0, driver:0, passenger:0"
264,8.800,bifpn,0+1+2,ebike+driver+passenger,61.751,16.194,0,"ebike:0, driver:0, passenger:0"
264,8.800,yolov8n,1+3+0,bicycle+motorcycle+person,66.485,15.041,32,"bicycle:0, motorcycle:12, person:20"
265,8.833,baseline,0+1+2,ebike+driver+passenger,61.759,16.192,1,"ebike:1, driver:0, passenger:0"
265,8.833,bifpn,0+1+2,ebike+driver+passenger,59.922,16.688,0,"ebike:0, driver:0, passenger:0"
265,8.833,yolov8n,1+3+0,bicycle+motorcycle+person,63.580,15.728,31,"bicycle:0, motorcycle:14, person:17"
266,8.867,baseline,0+1+2,ebike+driver+passenger,57.397,17.423,1,"ebike:1, driver:0, passenger:0"
266,8.867,bifpn,0+1+2,ebike+driver+passenger,59.880,16.700,0,"ebike:0, driver:0, passenger:0"
266,8.867,yolov8n,1+3+0,bicycle+motorcycle+person,62.676,15.955,30,"bicycle:0, motorcycle:11, person:19"
267,8.900,baseline,0+1+2,ebike+driver+passenger,58.606,17.063,1,"ebike:1, driver:0, passenger:0"
267,8.900,bifpn,0+1+2,ebike+driver+passenger,59.659,16.762,0,"ebike:0, driver:0, passenger:0"
267,8.900,yolov8n,1+3+0,bicycle+motorcycle+person,60.874,16.427,35,"bicycle:0, motorcycle:17, person:18"
268,8.933,baseline,0+1+2,ebike+driver+passenger,59.274,16.871,1,"ebike:1, driver:0, passenger:0"
268,8.933,bifpn,0+1+2,ebike+driver+passenger,59.301,16.863,0,"ebike:0, driver:0, passenger:0"
268,8.933,yolov8n,1+3+0,bicycle+motorcycle+person,62.954,15.885,34,"bicycle:0, motorcycle:14, person:20"
269,8.967,baseline,0+1+2,ebike+driver+passenger,60.671,16.482,1,"ebike:1, driver:0, passenger:0"
269,8.967,bifpn,0+1+2,ebike+driver+passenger,60.202,16.611,0,"ebike:0, driver:0, passenger:0"
269,8.967,yolov8n,1+3+0,bicycle+motorcycle+person,64.604,15.479,38,"bicycle:0, motorcycle:19, person:19"
270,9.000,baseline,0+1+2,ebike+driver+passenger,63.562,15.733,1,"ebike:1, driver:0, passenger:0"
270,9.000,bifpn,0+1+2,ebike+driver+passenger,60.937,16.410,0,"ebike:0, driver:0, passenger:0"
270,9.000,yolov8n,1+3+0,bicycle+motorcycle+person,66.172,15.112,38,"bicycle:0, motorcycle:17, person:21"
271,9.033,baseline,0+1+2,ebike+driver+passenger,76.318,13.103,1,"ebike:1, driver:0, passenger:0"
271,9.033,bifpn,0+1+2,ebike+driver+passenger,163.091,6.132,0,"ebike:0, driver:0, passenger:0"
271,9.033,yolov8n,1+3+0,bicycle+motorcycle+person,64.631,15.473,34,"bicycle:0, motorcycle:12, person:22"
272,9.067,baseline,0+1+2,ebike+driver+passenger,58.643,17.052,0,"ebike:0, driver:0, passenger:0"
272,9.067,bifpn,0+1+2,ebike+driver+passenger,59.253,16.877,0,"ebike:0, driver:0, passenger:0"
272,9.067,yolov8n,1+3+0,bicycle+motorcycle+person,61.898,16.156,29,"bicycle:0, motorcycle:12, person:17"
273,9.100,baseline,0+1+2,ebike+driver+passenger,58.427,17.115,0,"ebike:0, driver:0, passenger:0"
273,9.100,bifpn,0+1+2,ebike+driver+passenger,61.828,16.174,0,"ebike:0, driver:0, passenger:0"
273,9.100,yolov8n,1+3+0,bicycle+motorcycle+person,67.540,14.806,33,"bicycle:0, motorcycle:11, person:22"
274,9.133,baseline,0+1+2,ebike+driver+passenger,62.410,16.023,0,"ebike:0, driver:0, passenger:0"
274,9.133,bifpn,0+1+2,ebike+driver+passenger,63.305,15.796,0,"ebike:0, driver:0, passenger:0"
274,9.133,yolov8n,1+3+0,bicycle+motorcycle+person,63.970,15.632,36,"bicycle:0, motorcycle:8, person:28"
275,9.167,baseline,0+1+2,ebike+driver+passenger,61.349,16.300,0,"ebike:0, driver:0, passenger:0"
275,9.167,bifpn,0+1+2,ebike+driver+passenger,61.556,16.245,0,"ebike:0, driver:0, passenger:0"
275,9.167,yolov8n,1+3+0,bicycle+motorcycle+person,67.384,14.840,36,"bicycle:0, motorcycle:12, person:24"
276,9.200,baseline,0+1+2,ebike+driver+passenger,63.141,15.837,0,"ebike:0, driver:0, passenger:0"
276,9.200,bifpn,0+1+2,ebike+driver+passenger,63.688,15.701,0,"ebike:0, driver:0, passenger:0"
276,9.200,yolov8n,1+3+0,bicycle+motorcycle+person,65.273,15.320,35,"bicycle:0, motorcycle:10, person:25"
277,9.233,baseline,0+1+2,ebike+driver+passenger,59.903,16.694,1,"ebike:1, driver:0, passenger:0"
277,9.233,bifpn,0+1+2,ebike+driver+passenger,59.893,16.696,0,"ebike:0, driver:0, passenger:0"
277,9.233,yolov8n,1+3+0,bicycle+motorcycle+person,64.152,15.588,31,"bicycle:0, motorcycle:11, person:20"
278,9.267,baseline,0+1+2,ebike+driver+passenger,60.451,16.542,1,"ebike:1, driver:0, passenger:0"
278,9.267,bifpn,0+1+2,ebike+driver+passenger,61.180,16.345,0,"ebike:0, driver:0, passenger:0"
278,9.267,yolov8n,1+3+0,bicycle+motorcycle+person,65.759,15.207,36,"bicycle:0, motorcycle:12, person:24"
279,9.300,baseline,0+1+2,ebike+driver+passenger,62.718,15.944,0,"ebike:0, driver:0, passenger:0"
279,9.300,bifpn,0+1+2,ebike+driver+passenger,61.822,16.175,0,"ebike:0, driver:0, passenger:0"
279,9.300,yolov8n,1+3+0,bicycle+motorcycle+person,66.295,15.084,36,"bicycle:0, motorcycle:11, person:25"
280,9.333,baseline,0+1+2,ebike+driver+passenger,60.706,16.473,1,"ebike:1, driver:0, passenger:0"
280,9.333,bifpn,0+1+2,ebike+driver+passenger,60.283,16.589,0,"ebike:0, driver:0, passenger:0"
280,9.333,yolov8n,1+3+0,bicycle+motorcycle+person,63.003,15.872,38,"bicycle:0, motorcycle:14, person:24"
281,9.367,baseline,0+1+2,ebike+driver+passenger,61.727,16.200,0,"ebike:0, driver:0, passenger:0"
281,9.367,bifpn,0+1+2,ebike+driver+passenger,59.482,16.812,0,"ebike:0, driver:0, passenger:0"
281,9.367,yolov8n,1+3+0,bicycle+motorcycle+person,61.496,16.261,30,"bicycle:0, motorcycle:11, person:19"
282,9.400,baseline,0+1+2,ebike+driver+passenger,59.614,16.775,1,"ebike:1, driver:0, passenger:0"
282,9.400,bifpn,0+1+2,ebike+driver+passenger,57.911,17.268,0,"ebike:0, driver:0, passenger:0"
282,9.400,yolov8n,1+3+0,bicycle+motorcycle+person,61.154,16.352,32,"bicycle:0, motorcycle:15, person:17"
283,9.433,baseline,0+1+2,ebike+driver+passenger,59.777,16.729,1,"ebike:1, driver:0, passenger:0"
283,9.433,bifpn,0+1+2,ebike+driver+passenger,58.850,16.992,0,"ebike:0, driver:0, passenger:0"
283,9.433,yolov8n,1+3+0,bicycle+motorcycle+person,63.526,15.742,37,"bicycle:1, motorcycle:17, person:19"
284,9.467,baseline,0+1+2,ebike+driver+passenger,57.553,17.375,0,"ebike:0, driver:0, passenger:0"
284,9.467,bifpn,0+1+2,ebike+driver+passenger,59.064,16.931,0,"ebike:0, driver:0, passenger:0"
284,9.467,yolov8n,1+3+0,bicycle+motorcycle+person,62.185,16.081,26,"bicycle:0, motorcycle:13, person:13"
285,9.500,baseline,0+1+2,ebike+driver+passenger,59.272,16.871,0,"ebike:0, driver:0, passenger:0"
285,9.500,bifpn,0+1+2,ebike+driver+passenger,61.156,16.352,0,"ebike:0, driver:0, passenger:0"
285,9.500,yolov8n,1+3+0,bicycle+motorcycle+person,64.988,15.387,28,"bicycle:0, motorcycle:17, person:11"
286,9.533,baseline,0+1+2,ebike+driver+passenger,60.494,16.530,0,"ebike:0, driver:0, passenger:0"
286,9.533,bifpn,0+1+2,ebike+driver+passenger,58.718,17.031,0,"ebike:0, driver:0, passenger:0"
286,9.533,yolov8n,1+3+0,bicycle+motorcycle+person,61.619,16.229,26,"bicycle:0, motorcycle:10, person:16"
287,9.567,baseline,0+1+2,ebike+driver+passenger,61.426,16.280,0,"ebike:0, driver:0, passenger:0"
287,9.567,bifpn,0+1+2,ebike+driver+passenger,57.776,17.308,0,"ebike:0, driver:0, passenger:0"
287,9.567,yolov8n,1+3+0,bicycle+motorcycle+person,63.249,15.811,24,"bicycle:0, motorcycle:7, person:17"
288,9.600,baseline,0+1+2,ebike+driver+passenger,56.258,17.775,0,"ebike:0, driver:0, passenger:0"
288,9.600,bifpn,0+1+2,ebike+driver+passenger,58.317,17.148,0,"ebike:0, driver:0, passenger:0"
288,9.600,yolov8n,1+3+0,bicycle+motorcycle+person,60.110,16.636,21,"bicycle:0, motorcycle:6, person:15"
289,9.633,baseline,0+1+2,ebike+driver+passenger,56.723,17.629,0,"ebike:0, driver:0, passenger:0"
289,9.633,bifpn,0+1+2,ebike+driver+passenger,59.660,16.762,0,"ebike:0, driver:0, passenger:0"
289,9.633,yolov8n,1+3+0,bicycle+motorcycle+person,61.477,16.266,19,"bicycle:0, motorcycle:3, person:16"
290,9.667,baseline,0+1+2,ebike+driver+passenger,57.173,17.491,0,"ebike:0, driver:0, passenger:0"
290,9.667,bifpn,0+1+2,ebike+driver+passenger,56.161,17.806,0,"ebike:0, driver:0, passenger:0"
290,9.667,yolov8n,1+3+0,bicycle+motorcycle+person,61.739,16.197,21,"bicycle:0, motorcycle:3, person:18"
291,9.700,baseline,0+1+2,ebike+driver+passenger,63.278,15.803,0,"ebike:0, driver:0, passenger:0"
291,9.700,bifpn,0+1+2,ebike+driver+passenger,64.252,15.564,0,"ebike:0, driver:0, passenger:0"
291,9.700,yolov8n,1+3+0,bicycle+motorcycle+person,65.290,15.316,31,"bicycle:0, motorcycle:5, person:26"
292,9.733,baseline,0+1+2,ebike+driver+passenger,63.982,15.629,0,"ebike:0, driver:0, passenger:0"
292,9.733,bifpn,0+1+2,ebike+driver+passenger,65.406,15.289,0,"ebike:0, driver:0, passenger:0"
292,9.733,yolov8n,1+3+0,bicycle+motorcycle+person,68.046,14.696,28,"bicycle:0, motorcycle:6, person:22"
293,9.767,baseline,0+1+2,ebike+driver+passenger,64.513,15.501,0,"ebike:0, driver:0, passenger:0"
293,9.767,bifpn,0+1+2,ebike+driver+passenger,60.768,16.456,0,"ebike:0, driver:0, passenger:0"
293,9.767,yolov8n,1+3+0,bicycle+motorcycle+person,65.872,15.181,26,"bicycle:0, motorcycle:6, person:20"
294,9.800,baseline,0+1+2,ebike+driver+passenger,60.542,16.517,0,"ebike:0, driver:0, passenger:0"
294,9.800,bifpn,0+1+2,ebike+driver+passenger,60.539,16.518,0,"ebike:0, driver:0, passenger:0"
294,9.800,yolov8n,1+3+0,bicycle+motorcycle+person,63.604,15.722,32,"bicycle:0, motorcycle:12, person:20"
295,9.833,baseline,0+1+2,ebike+driver+passenger,60.954,16.406,0,"ebike:0, driver:0, passenger:0"
295,9.833,bifpn,0+1+2,ebike+driver+passenger,61.559,16.245,0,"ebike:0, driver:0, passenger:0"
295,9.833,yolov8n,1+3+0,bicycle+motorcycle+person,65.715,15.217,27,"bicycle:0, motorcycle:7, person:20"
296,9.867,baseline,0+1+2,ebike+driver+passenger,63.429,15.766,0,"ebike:0, driver:0, passenger:0"
296,9.867,bifpn,0+1+2,ebike+driver+passenger,64.049,15.613,0,"ebike:0, driver:0, passenger:0"
296,9.867,yolov8n,1+3+0,bicycle+motorcycle+person,65.257,15.324,25,"bicycle:0, motorcycle:7, person:18"
297,9.900,baseline,0+1+2,ebike+driver+passenger,65.260,15.323,0,"ebike:0, driver:0, passenger:0"
297,9.900,bifpn,0+1+2,ebike+driver+passenger,62.849,15.911,0,"ebike:0, driver:0, passenger:0"
297,9.900,yolov8n,1+3+0,bicycle+motorcycle+person,62.632,15.966,28,"bicycle:0, motorcycle:10, person:18"
298,9.933,baseline,0+1+2,ebike+driver+passenger,61.197,16.341,0,"ebike:0, driver:0, passenger:0"
298,9.933,bifpn,0+1+2,ebike+driver+passenger,61.303,16.312,0,"ebike:0, driver:0, passenger:0"
298,9.933,yolov8n,1+3+0,bicycle+motorcycle+person,64.275,15.558,27,"bicycle:0, motorcycle:7, person:20"
299,9.967,baseline,0+1+2,ebike+driver+passenger,63.564,15.732,0,"ebike:0, driver:0, passenger:0"
299,9.967,bifpn,0+1+2,ebike+driver+passenger,62.134,16.094,0,"ebike:0, driver:0, passenger:0"
299,9.967,yolov8n,1+3+0,bicycle+motorcycle+person,64.074,15.607,23,"bicycle:0, motorcycle:8, person:15"
