video,frame,timestamp_sec,vehicle_track_id,vehicle_class,vehicle_conf,vehicle_bbox,matched_person_ids,matched_person_count,match_scores,raw_overload,confirmed_overload,elapsed_ms,fps
/Users/lujintao/Library/CloudStorage/OneDrive-AUTUniversity/MyProject-OneDrive/yolo_zhy-feature-yolo-sam3-cascade/YOLO_TRACK_SIMPLE/standardData/13/13.mp4,4,0.133,M001,motorcycle,0.334,0.0 410.2 152.6 646.2,,0,,0,0,28.177,35.490
/Users/lujintao/Library/CloudStorage/OneDrive-AUTUniversity/MyProject-OneDrive/yolo_zhy-feature-yolo-sam3-cascade/YOLO_TRACK_SIMPLE/standardData/13/13.mp4,11,0.367,U001,motorcycle,0.576,19.7 375.8 455.8 643.7,,0,,0,0,30.265,33.042
/Users/lujintao/Library/CloudStorage/OneDrive-AUTUniversity/MyProject-OneDrive/yolo_zhy-feature-yolo-sam3-cascade/YOLO_TRACK_SIMPLE/standardData/13/13.mp4,12,0.400,M002,motorcycle,0.797,46.0 379.9 484.1 637.6,,0,,0,0,30.068,33.258
/Users/lujintao/Library/CloudStorage/OneDrive-AUTUniversity/MyProject-OneDrive/yolo_zhy-feature-yolo-sam3-cascade/YOLO_TRACK_SIMPLE/standardData/13/13.mp4,13,0.434,M002,motorcycle,0.774,99.5 383.9 513.7 621.8,,0,,0,0,30.898,32.365
/Users/lujintao/Library/CloudStorage/OneDrive-AUTUniversity/MyProject-OneDrive/yolo_zhy-feature-yolo-sam3-cascade/YOLO_TRACK_SIMPLE/standardData/13/13.mp4,14,0.467,M002,motorcycle,0.831,147.4 380.4 537.4 616.1,,0,,0,0,40.525,24.676
/Users/lujintao/Library/CloudStorage/OneDrive-AUTUniversity/MyProject-OneDrive/yolo_zhy-feature-yolo-sam3-cascade/YOLO_TRACK_SIMPLE/standardData/13/13.mp4,15,0.501,M002,motorcycle,0.843,195.9 376.6 561.3 615.7,P001,1,1.600,0,0,34.408,29.063
/Users/lujintao/Library/CloudStorage/OneDrive-AUTUniversity/MyProject-OneDrive/yolo_zhy-feature-yolo-sam3-cascade/YOLO_TRACK_SIMPLE/standardData/13/13.mp4,16,0.534,M002,motorcycle,0.789,239.7 374.7 582.7 611.4,P001,1,1.600,0,0,29.474,33.928
/Users/lujintao/Library/CloudStorage/OneDrive-AUTUniversity/MyProject-OneDrive/yolo_zhy-feature-yolo-sam3-cascade/YOLO_TRACK_SIMPLE/standardData/13/13.mp4,17,0.567,M002,motorcycle,0.773,279.7 369.0 606.6 615.6,P001,1,1.597,0,0,40.176,24.891
/Users/lujintao/Library/CloudStorage/OneDrive-AUTUniversity/MyProject-OneDrive/yolo_zhy-feature-yolo-sam3-cascade/YOLO_TRACK_SIMPLE/standardData/13/13.mp4,18,0.601,M002,motorcycle,0.859,319.9 381.1 626.0 591.1,P001,1,1.599,0,0,31.996,31.253
/Users/lujintao/Library/CloudStorage/OneDrive-AUTUniversity/MyProject-OneDrive/yolo_zhy-feature-yolo-sam3-cascade/YOLO_TRACK_SIMPLE/standardData/13/13.mp4,19,0.634,M002,motorcycle,0.840,355.3 364.1 647.7 583.5,P001,1,1.596,0,0,32.567,30.706
/Users/lujintao/Library/CloudStorage/OneDrive-AUTUniversity/MyProject-OneDrive/yolo_zhy-feature-yolo-sam3-cascade/YOLO_TRACK_SIMPLE/standardData/13/13.mp4,20,0.667,M002,motorcycle,0.795,387.2 399.1 666.2 579.5,P001,1,1.568,0,0,47.227,21.174
/Users/lujintao/Library/CloudStorage/OneDrive-AUTUniversity/MyProject-OneDrive/yolo_zhy-feature-yolo-sam3-cascade/YOLO_TRACK_SIMPLE/standardData/13/13.mp4,21,0.701,M002,motorcycle,0.756,414.2 379.7 686.3 571.0,P001,1,1.589,0,0,28.172,35.497
/Users/lujintao/Library/CloudStorage/OneDrive-AUTUniversity/MyProject-OneDrive/yolo_zhy-feature-yolo-sam3-cascade/YOLO_TRACK_SIMPLE/standardData/13/13.mp4,22,0.734,M002,motorcycle,0.725,445.4 338.3 703.8 566.1,P001,1,1.574,0,0,53.799,18.588
/Users/lujintao/Library/CloudStorage/OneDrive-AUTUniversity/MyProject-OneDrive/yolo_zhy-feature-yolo-sam3-cascade/YOLO_TRACK_SIMPLE/standardData/13/13.mp4,23,0.767,M002,motorcycle,0.683,474.1 331.3 721.2 561.0,P001,1,1.591,0,0,28.529,35.052
/Users/lujintao/Library/CloudStorage/OneDrive-AUTUniversity/MyProject-OneDrive/yolo_zhy-feature-yolo-sam3-cascade/YOLO_TRACK_SIMPLE/standardData/13/13.mp4,24,0.801,M002,motorcycle,0.768,499.7 410.3 736.5 554.3,P001,1,1.516,0,0,27.028,36.999
/Users/lujintao/Library/CloudStorage/OneDrive-AUTUniversity/MyProject-OneDrive/yolo_zhy-feature-yolo-sam3-cascade/YOLO_TRACK_SIMPLE/standardData/13/13.mp4,25,0.834,M002,motorcycle,0.724,528.1 389.1 753.4 551.0,P001,1,1.595,0,0,45.032,22.207
/Users/lujintao/Library/CloudStorage/OneDrive-AUTUniversity/MyProject-OneDrive/yolo_zhy-feature-yolo-sam3-cascade/YOLO_TRACK_SIMPLE/standardData/13/13.mp4,26,0.868,M002,motorcycle,0.728,551.8 385.2 767.3 543.9,P001,1,1.596,0,0,29.236,34.205
/Users/lujintao/Library/CloudStorage/OneDrive-AUTUniversity/MyProject-OneDrive/yolo_zhy-feature-yolo-sam3-cascade/YOLO_TRACK_SIMPLE/standardData/13/13.mp4,27,0.901,M002,motorcycle,0.760,569.1 355.0 785.5 540.5,P001,1,1.569,0,0,53.583,18.663
/Users/lujintao/Library/CloudStorage/OneDrive-AUTUniversity/MyProject-OneDrive/yolo_zhy-feature-yolo-sam3-cascade/YOLO_TRACK_SIMPLE/standardData/13/13.mp4,28,0.934,M002,motorcycle,0.692,592.9 381.0 797.6 534.4,P001,1,1.577,0,0,31.198,32.054
/Users/lujintao/Library/CloudStorage/OneDrive-AUTUniversity/MyProject-OneDrive/yolo_zhy-feature-yolo-sam3-cascade/YOLO_TRACK_SIMPLE/standardData/13/13.mp4,29,0.968,M002,motorcycle,0.634,612.6 358.5 814.0 530.4,P001,1,1.589,0,0,27.150,36.832
/Users/lujintao/Library/CloudStorage/OneDrive-AUTUniversity/MyProject-OneDrive/yolo_zhy-feature-yolo-sam3-cascade/YOLO_TRACK_SIMPLE/standardData/13/13.mp4,30,1.001,M002,motorcycle,0.779,631.1 353.5 827.8 527.1,P001,1,1.597,0,0,28.852,34.660
/Users/lujintao/Library/CloudStorage/OneDrive-AUTUniversity/MyProject-OneDrive/yolo_zhy-feature-yolo-sam3-cascade/YOLO_TRACK_SIMPLE/standardData/13/13.mp4,31,1.034,M002,motorcycle,0.780,649.6 367.5 839.1 522.4,P001,1,1.564,0,0,27.151,36.832
/Users/lujintao/Library/CloudStorage/OneDrive-AUTUniversity/MyProject-OneDrive/yolo_zhy-feature-yolo-sam3-cascade/YOLO_TRACK_SIMPLE/standardData/13/13.mp4,32,1.068,M002,motorcycle,0.739,666.8 370.5 854.3 518.3,P001,1,1.600,0,0,26.640,37.538
/Users/lujintao/Library/CloudStorage/OneDrive-AUTUniversity/MyProject-OneDrive/yolo_zhy-feature-yolo-sam3-cascade/YOLO_TRACK_SIMPLE/standardData/13/13.mp4,33,1.101,M002,motorcycle,0.703,688.0 365.6 867.9 514.9,P001,1,1.598,0,0,26.890,37.188
/Users/lujintao/Library/CloudStorage/OneDrive-AUTUniversity/MyProject-OneDrive/yolo_zhy-feature-yolo-sam3-cascade/YOLO_TRACK_SIMPLE/standardData/13/13.mp4,34,1.134,M002,motorcycle,0.736,701.4 339.7 881.2 509.5,P001,1,1.557,0,0,27.086,36.920
/Users/lujintao/Library/CloudStorage/OneDrive-AUTUniversity/MyProject-OneDrive/yolo_zhy-feature-yolo-sam3-cascade/YOLO_TRACK_SIMPLE/standardData/13/13.mp4,35,1.168,M002,motorcycle,0.747,715.9 344.2 895.9 504.4,P001,1,1.599,0,0,27.497,36.367
/Users/lujintao/Library/CloudStorage/OneDrive-AUTUniversity/MyProject-OneDrive/yolo_zhy-feature-yolo-sam3-cascade/YOLO_TRACK_SIMPLE/standardData/13/13.mp4,36,1.201,M002,motorcycle,0.810,727.7 366.0 900.0 502.4,P001,1,1.527,0,0,26.084,38.338
/Users/lujintao/Library/CloudStorage/OneDrive-AUTUniversity/MyProject-OneDrive/yolo_zhy-feature-yolo-sam3-cascade/YOLO_TRACK_SIMPLE/standardData/13/13.mp4,37,1.235,M002,motorcycle,0.664,750.5 369.3 907.2 498.4,P001,1,1.600,0,0,28.869,34.640
/Users/lujintao/Library/CloudStorage/OneDrive-AUTUniversity/MyProject-OneDrive/yolo_zhy-feature-yolo-sam3-cascade/YOLO_TRACK_SIMPLE/standardData/13/13.mp4,38,1.268,M002,motorcycle,0.670,762.8 361.4 917.2 497.2,P001,1,1.596,0,0,28.634,34.924
/Users/lujintao/Library/CloudStorage/OneDrive-AUTUniversity/MyProject-OneDrive/yolo_zhy-feature-yolo-sam3-cascade/YOLO_TRACK_SIMPLE/standardData/13/13.mp4,39,1.301,M002,motorcycle,0.707,781.4 348.8 936.2 492.4,P001,1,1.450,0,0,26.609,37.581
/Users/lujintao/Library/CloudStorage/OneDrive-AUTUniversity/MyProject-OneDrive/yolo_zhy-feature-yolo-sam3-cascade/YOLO_TRACK_SIMPLE/standardData/13/13.mp4,40,1.335,M002,motorcycle,0.607,792.8 352.8 941.4 488.2,P001,1,1.598,0,0,28.405,35.205
/Users/lujintao/Library/CloudStorage/OneDrive-AUTUniversity/MyProject-OneDrive/yolo_zhy-feature-yolo-sam3-cascade/YOLO_TRACK_SIMPLE/standardData/13/13.mp4,41,1.368,M002,motorcycle,0.678,804.2 353.2 945.9 486.2,P001,1,1.484,0,0,27.605,36.226
/Users/lujintao/Library/CloudStorage/OneDrive-AUTUniversity/MyProject-OneDrive/yolo_zhy-feature-yolo-sam3-cascade/YOLO_TRACK_SIMPLE/standardData/13/13.mp4,42,1.401,M002,motorcycle,0.659,822.4 359.5 961.6 483.0,P001,1,1.570,0,0,28.608,34.955
/Users/lujintao/Library/CloudStorage/OneDrive-AUTUniversity/MyProject-OneDrive/yolo_zhy-feature-yolo-sam3-cascade/YOLO_TRACK_SIMPLE/standardData/13/13.mp4,43,1.435,M002,motorcycle,0.535,826.8 368.6 953.4 480.4,P001,1,1.450,0,0,26.759,37.370
/Users/lujintao/Library/CloudStorage/OneDrive-AUTUniversity/MyProject-OneDrive/yolo_zhy-feature-yolo-sam3-cascade/YOLO_TRACK_SIMPLE/standardData/13/13.mp4,44,1.468,M002,motorcycle,0.537,838.2 377.9 962.6 478.3,P001,1,1.587,0,0,29.067,34.403
/Users/lujintao/Library/CloudStorage/OneDrive-AUTUniversity/MyProject-OneDrive/yolo_zhy-feature-yolo-sam3-cascade/YOLO_TRACK_SIMPLE/standardData/13/13.mp4,45,1.502,M002,motorcycle,0.489,849.2 372.6 969.2 474.2,P001,1,1.591,0,0,27.739,36.050
/Users/lujintao/Library/CloudStorage/OneDrive-AUTUniversity/MyProject-OneDrive/yolo_zhy-feature-yolo-sam3-cascade/YOLO_TRACK_SIMPLE/standardData/13/13.mp4,46,1.535,M002,motorcycle,0.482,855.7 332.4 1000.6 474.7,P001,1,1.559,0,0,25.907,38.600
/Users/lujintao/Library/CloudStorage/OneDrive-AUTUniversity/MyProject-OneDrive/yolo_zhy-feature-yolo-sam3-cascade/YOLO_TRACK_SIMPLE/standardData/13/13.mp4,47,1.568,M002,motorcycle,0.432,866.7 367.9 983.9 472.2,P001,1,1.450,0,0,26.386,37.898
/Users/lujintao/Library/CloudStorage/OneDrive-AUTUniversity/MyProject-OneDrive/yolo_zhy-feature-yolo-sam3-cascade/YOLO_TRACK_SIMPLE/standardData/13/13.mp4,48,1.602,M002,motorcycle,0.466,883.7 345.0 1014.5 469.1,P001,1,1.593,0,0,29.032,34.445
/Users/lujintao/Library/CloudStorage/OneDrive-AUTUniversity/MyProject-OneDrive/yolo_zhy-feature-yolo-sam3-cascade/YOLO_TRACK_SIMPLE/standardData/13/13.mp4,49,1.635,M002,motorcycle,0.566,886.1 339.3 1016.8 464.1,P001,1,1.531,0,0,42.401,23.584
/Users/lujintao/Library/CloudStorage/OneDrive-AUTUniversity/MyProject-OneDrive/yolo_zhy-feature-yolo-sam3-cascade/YOLO_TRACK_SIMPLE/standardData/13/13.mp4,50,1.668,M002,motorcycle,0.527,896.6 326.5 1025.5 463.5,P001,1,1.590,0,0,27.637,36.184
/Users/lujintao/Library/CloudStorage/OneDrive-AUTUniversity/MyProject-OneDrive/yolo_zhy-feature-yolo-sam3-cascade/YOLO_TRACK_SIMPLE/standardData/13/13.mp4,51,1.702,M002,motorcycle,0.481,898.4 334.8 1033.7 462.5,P001,1,1.565,0,0,28.897,34.606
/Users/lujintao/Library/CloudStorage/OneDrive-AUTUniversity/MyProject-OneDrive/yolo_zhy-feature-yolo-sam3-cascade/YOLO_TRACK_SIMPLE/standardData/13/13.mp4,52,1.735,M002,motorcycle,0.373,909.9 342.1 1034.5 456.3,P001,1,1.450,0,0,26.858,37.233
/Users/lujintao/Library/CloudStorage/OneDrive-AUTUniversity/MyProject-OneDrive/yolo_zhy-feature-yolo-sam3-cascade/YOLO_TRACK_SIMPLE/standardData/13/13.mp4,53,1.768,M002,motorcycle,0.391,918.2 338.0 1044.3 455.0,P001,1,1.600,0,0,29.004,34.477
/Users/lujintao/Library/CloudStorage/OneDrive-AUTUniversity/MyProject-OneDrive/yolo_zhy-feature-yolo-sam3-cascade/YOLO_TRACK_SIMPLE/standardData/13/13.mp4,56,1.869,M002,motorcycle,0.460,944.2 333.4 1060.3 436.8,P001,1,1.594,0,0,30.307,32.996
/Users/lujintao/Library/CloudStorage/OneDrive-AUTUniversity/MyProject-OneDrive/yolo_zhy-feature-yolo-sam3-cascade/YOLO_TRACK_SIMPLE/standardData/13/13.mp4,57,1.902,M002,motorcycle,0.453,950.4 327.0 1066.8 440.3,P001,1,1.594,0,0,28.606,34.958
/Users/lujintao/Library/CloudStorage/OneDrive-AUTUniversity/MyProject-OneDrive/yolo_zhy-feature-yolo-sam3-cascade/YOLO_TRACK_SIMPLE/standardData/13/13.mp4,59,1.969,U001,motorcycle,0.256,956.3 356.4 1067.8 446.0,,0,,0,0,27.268,36.673
/Users/lujintao/Library/CloudStorage/OneDrive-AUTUniversity/MyProject-OneDrive/yolo_zhy-feature-yolo-sam3-cascade/YOLO_TRACK_SIMPLE/standardData/13/13.mp4,62,2.069,M002,motorcycle,0.321,975.1 335.2 1089.6 434.2,P001,1,1.590,0,0,27.801,35.970
/Users/lujintao/Library/CloudStorage/OneDrive-AUTUniversity/MyProject-OneDrive/yolo_zhy-feature-yolo-sam3-cascade/YOLO_TRACK_SIMPLE/standardData/13/13.mp4,77,2.569,U001,motorcycle,0.486,1044.2 293.6 1143.5 415.2,,0,,0,0,27.648,36.168
/Users/lujintao/Library/CloudStorage/OneDrive-AUTUniversity/MyProject-OneDrive/yolo_zhy-feature-yolo-sam3-cascade/YOLO_TRACK_SIMPLE/standardData/13/13.mp4,78,2.603,M003,motorcycle,0.521,1047.8 302.5 1143.9 413.6,,0,,0,0,28.658,34.895
/Users/lujintao/Library/CloudStorage/OneDrive-AUTUniversity/MyProject-OneDrive/yolo_zhy-feature-yolo-sam3-cascade/YOLO_TRACK_SIMPLE/standardData/13/13.mp4,79,2.636,M003,motorcycle,0.586,1050.7 305.3 1143.0 412.2,,0,,0,0,25.465,39.270
/Users/lujintao/Library/CloudStorage/OneDrive-AUTUniversity/MyProject-OneDrive/yolo_zhy-feature-yolo-sam3-cascade/YOLO_TRACK_SIMPLE/standardData/13/13.mp4,80,2.669,M003,motorcycle,0.458,1053.5 302.5 1143.3 411.5,,0,,0,0,25.748,38.838
/Users/lujintao/Library/CloudStorage/OneDrive-AUTUniversity/MyProject-OneDrive/yolo_zhy-feature-yolo-sam3-cascade/YOLO_TRACK_SIMPLE/standardData/13/13.mp4,81,2.703,M003,motorcycle,0.484,1059.3 295.1 1153.8 407.9,,0,,0,0,28.379,35.237
/Users/lujintao/Library/CloudStorage/OneDrive-AUTUniversity/MyProject-OneDrive/yolo_zhy-feature-yolo-sam3-cascade/YOLO_TRACK_SIMPLE/standardData/13/13.mp4,82,2.736,M003,motorcycle,0.375,1061.8 298.8 1151.2 408.8,,0,,0,0,25.578,39.096
/Users/lujintao/Library/CloudStorage/OneDrive-AUTUniversity/MyProject-OneDrive/yolo_zhy-feature-yolo-sam3-cascade/YOLO_TRACK_SIMPLE/standardData/13/13.mp4,82,2.736,U002,motorcycle,0.295,1062.5 350.3 1116.2 408.9,,0,,0,0,25.578,39.096
/Users/lujintao/Library/CloudStorage/OneDrive-AUTUniversity/MyProject-OneDrive/yolo_zhy-feature-yolo-sam3-cascade/YOLO_TRACK_SIMPLE/standardData/13/13.mp4,83,2.769,M003,motorcycle,0.359,1063.9 298.5 1159.4 408.5,P001,1,1.590,0,0,28.216,35.441
/Users/lujintao/Library/CloudStorage/OneDrive-AUTUniversity/MyProject-OneDrive/yolo_zhy-feature-yolo-sam3-cascade/YOLO_TRACK_SIMPLE/standardData/13/13.mp4,84,2.803,U001,motorcycle,0.328,1068.5 330.0 1138.7 406.7,,0,,0,0,28.555,35.020
/Users/lujintao/Library/CloudStorage/OneDrive-AUTUniversity/MyProject-OneDrive/yolo_zhy-feature-yolo-sam3-cascade/YOLO_TRACK_SIMPLE/standardData/13/13.mp4,85,2.836,M003,motorcycle,0.375,1073.3 313.5 1161.4 405.7,P001,1,1.543,0,0,28.856,34.655
/Users/lujintao/Library/CloudStorage/OneDrive-AUTUniversity/MyProject-OneDrive/yolo_zhy-feature-yolo-sam3-cascade/YOLO_TRACK_SIMPLE/standardData/13/13.mp4,85,2.836,U002,motorcycle,0.265,1072.0 348.4 1118.2 406.0,,0,,0,0,28.856,34.655
/Users/lujintao/Library/CloudStorage/OneDrive-AUTUniversity/MyProject-OneDrive/yolo_zhy-feature-yolo-sam3-cascade/YOLO_TRACK_SIMPLE/standardData/13/13.mp4,88,2.936,M003,motorcycle,0.358,1082.8 299.0 1164.5 402.5,P001,1,1.586,0,0,28.704,34.839
/Users/lujintao/Library/CloudStorage/OneDrive-AUTUniversity/MyProject-OneDrive/yolo_zhy-feature-yolo-sam3-cascade/YOLO_TRACK_SIMPLE/standardData/13/13.mp4,89,2.970,M003,motorcycle,0.399,1084.2 306.3 1166.8 403.2,P001,1,1.450,0,0,28.914,34.586
/Users/lujintao/Library/CloudStorage/OneDrive-AUTUniversity/MyProject-OneDrive/yolo_zhy-feature-yolo-sam3-cascade/YOLO_TRACK_SIMPLE/standardData/13/13.mp4,110,3.670,U001,motorcycle,0.332,0.3 468.8 65.7 631.4,,0,,0,0,28.030,35.676
/Users/lujintao/Library/CloudStorage/OneDrive-AUTUniversity/MyProject-OneDrive/yolo_zhy-feature-yolo-sam3-cascade/YOLO_TRACK_SIMPLE/standardData/13/13.mp4,111,3.704,M004,motorcycle,0.681,0.5 460.2 109.5 619.0,,0,,0,0,28.306,35.328
/Users/lujintao/Library/CloudStorage/OneDrive-AUTUniversity/MyProject-OneDrive/yolo_zhy-feature-yolo-sam3-cascade/YOLO_TRACK_SIMPLE/standardData/13/13.mp4,112,3.737,M004,motorcycle,0.719,0.1 418.3 146.8 616.2,,0,,0,0,30.018,33.313
/Users/lujintao/Library/CloudStorage/OneDrive-AUTUniversity/MyProject-OneDrive/yolo_zhy-feature-yolo-sam3-cascade/YOLO_TRACK_SIMPLE/standardData/13/13.mp4,113,3.770,M004,motorcycle,0.583,0.1 379.2 187.9 624.4,,0,,0,0,27.603,36.228
/Users/lujintao/Library/CloudStorage/OneDrive-AUTUniversity/MyProject-OneDrive/yolo_zhy-feature-yolo-sam3-cascade/YOLO_TRACK_SIMPLE/standardData/13/13.mp4,114,3.804,M004,motorcycle,0.591,0.1 390.9 217.9 638.0,,0,,0,0,29.665,33.710
/Users/lujintao/Library/CloudStorage/OneDrive-AUTUniversity/MyProject-OneDrive/yolo_zhy-feature-yolo-sam3-cascade/YOLO_TRACK_SIMPLE/standardData/13/13.mp4,115,3.837,U001,motorcycle,0.330,0.3 368.1 258.7 644.4,,0,,0,0,26.967,37.082
/Users/lujintao/Library/CloudStorage/OneDrive-AUTUniversity/MyProject-OneDrive/yolo_zhy-feature-yolo-sam3-cascade/YOLO_TRACK_SIMPLE/standardData/13/13.mp4,116,3.871,M004,motorcycle,0.396,0.3 377.7 285.9 642.7,,0,,0,0,27.106,36.892
/Users/lujintao/Library/CloudStorage/OneDrive-AUTUniversity/MyProject-OneDrive/yolo_zhy-feature-yolo-sam3-cascade/YOLO_TRACK_SIMPLE/standardData/13/13.mp4,117,3.904,M004,motorcycle,0.680,0.5 356.7 315.0 640.9,,0,,0,0,40.556,24.657
/Users/lujintao/Library/CloudStorage/OneDrive-AUTUniversity/MyProject-OneDrive/yolo_zhy-feature-yolo-sam3-cascade/YOLO_TRACK_SIMPLE/standardData/13/13.mp4,118,3.937,M004,motorcycle,0.608,0.3 347.7 339.6 642.8,,0,,0,0,28.069,35.626
/Users/lujintao/Library/CloudStorage/OneDrive-AUTUniversity/MyProject-OneDrive/yolo_zhy-feature-yolo-sam3-cascade/YOLO_TRACK_SIMPLE/standardData/13/13.mp4,119,3.971,M004,motorcycle,0.753,1.0 353.2 367.2 652.6,,0,,0,0,28.122,35.559
/Users/lujintao/Library/CloudStorage/OneDrive-AUTUniversity/MyProject-OneDrive/yolo_zhy-feature-yolo-sam3-cascade/YOLO_TRACK_SIMPLE/standardData/13/13.mp4,120,4.004,M004,motorcycle,0.567,5.9 364.7 392.7 630.5,,0,,0,1,27.303,36.626
/Users/lujintao/Library/CloudStorage/OneDrive-AUTUniversity/MyProject-OneDrive/yolo_zhy-feature-yolo-sam3-cascade/YOLO_TRACK_SIMPLE/standardData/13/13.mp4,121,4.037,M004,motorcycle,0.541,53.0 353.7 415.9 607.2,P002,1,1.450,0,1,27.748,36.038
/Users/lujintao/Library/CloudStorage/OneDrive-AUTUniversity/MyProject-OneDrive/yolo_zhy-feature-yolo-sam3-cascade/YOLO_TRACK_SIMPLE/standardData/13/13.mp4,122,4.071,M004,motorcycle,0.502,101.8 378.9 438.1 585.2,P002,1,1.450,0,1,27.138,36.849
/Users/lujintao/Library/CloudStorage/OneDrive-AUTUniversity/MyProject-OneDrive/yolo_zhy-feature-yolo-sam3-cascade/YOLO_TRACK_SIMPLE/standardData/13/13.mp4,123,4.104,M004,motorcycle,0.487,144.5 360.3 460.9 584.4,P002,1,1.450,0,1,25.586,39.084
/Users/lujintao/Library/CloudStorage/OneDrive-AUTUniversity/MyProject-OneDrive/yolo_zhy-feature-yolo-sam3-cascade/YOLO_TRACK_SIMPLE/standardData/13/13.mp4,125,4.171,M004,motorcycle,0.408,210.4 361.3 499.2 558.0,P002,1,1.450,0,1,27.560,36.284
/Users/lujintao/Library/CloudStorage/OneDrive-AUTUniversity/MyProject-OneDrive/yolo_zhy-feature-yolo-sam3-cascade/YOLO_TRACK_SIMPLE/standardData/13/13.mp4,126,4.204,M004,motorcycle,0.435,240.9 355.2 516.1 546.6,P002,1,1.450,0,1,28.448,35.151
/Users/lujintao/Library/CloudStorage/OneDrive-AUTUniversity/MyProject-OneDrive/yolo_zhy-feature-yolo-sam3-cascade/YOLO_TRACK_SIMPLE/standardData/13/13.mp4,127,4.238,M004,motorcycle,0.629,265.1 360.4 534.9 545.9,P002,1,1.595,0,1,26.554,37.659
/Users/lujintao/Library/CloudStorage/OneDrive-AUTUniversity/MyProject-OneDrive/yolo_zhy-feature-yolo-sam3-cascade/YOLO_TRACK_SIMPLE/standardData/13/13.mp4,128,4.271,M004,motorcycle,0.766,301.3 362.4 547.6 540.4,P002,1,1.599,0,1,25.282,39.553
/Users/lujintao/Library/CloudStorage/OneDrive-AUTUniversity/MyProject-OneDrive/yolo_zhy-feature-yolo-sam3-cascade/YOLO_TRACK_SIMPLE/standardData/13/13.mp4,128,4.271,U002,motorcycle,0.431,13.5 296.0 294.8 489.9,,0,,0,0,25.282,39.553
/Users/lujintao/Library/CloudStorage/OneDrive-AUTUniversity/MyProject-OneDrive/yolo_zhy-feature-yolo-sam3-cascade/YOLO_TRACK_SIMPLE/standardData/13/13.mp4,129,4.304,M004,motorcycle,0.688,326.8 352.1 567.7 536.0,P002,1,1.450,0,1,49.065,20.381
/Users/lujintao/Library/CloudStorage/OneDrive-AUTUniversity/MyProject-OneDrive/yolo_zhy-feature-yolo-sam3-cascade/YOLO_TRACK_SIMPLE/standardData/13/13.mp4,130,4.338,M004,motorcycle,0.728,350.7 350.6 580.5 536.4,P002,1,1.599,0,1,26.078,38.347
/Users/lujintao/Library/CloudStorage/OneDrive-AUTUniversity/MyProject-OneDrive/yolo_zhy-feature-yolo-sam3-cascade/YOLO_TRACK_SIMPLE/standardData/13/13.mp4,131,4.371,M004,motorcycle,0.439,381.2 365.2 594.7 531.9,P002,1,1.595,0,1,27.281,36.656
/Users/lujintao/Library/CloudStorage/OneDrive-AUTUniversity/MyProject-OneDrive/yolo_zhy-feature-yolo-sam3-cascade/YOLO_TRACK_SIMPLE/standardData/13/13.mp4,132,4.404,M004,motorcycle,0.335,400.2 335.9 611.2 517.3,P002,1,1.571,0,1,27.543,36.306
/Users/lujintao/Library/CloudStorage/OneDrive-AUTUniversity/MyProject-OneDrive/yolo_zhy-feature-yolo-sam3-cascade/YOLO_TRACK_SIMPLE/standardData/13/13.mp4,134,4.471,M004,motorcycle,0.415,440.1 359.8 638.5 511.3,P002,1,1.450,0,1,26.478,37.767
/Users/lujintao/Library/CloudStorage/OneDrive-AUTUniversity/MyProject-OneDrive/yolo_zhy-feature-yolo-sam3-cascade/YOLO_TRACK_SIMPLE/standardData/13/13.mp4,136,4.538,M004,motorcycle,0.447,477.8 333.3 660.1 505.5,P002,1,1.450,0,1,27.532,36.322
/Users/lujintao/Library/CloudStorage/OneDrive-AUTUniversity/MyProject-OneDrive/yolo_zhy-feature-yolo-sam3-cascade/YOLO_TRACK_SIMPLE/standardData/13/13.mp4,137,4.571,M004,motorcycle,0.312,496.0 358.5 674.5 501.1,P002,1,1.575,0,1,27.141,36.844
/Users/lujintao/Library/CloudStorage/OneDrive-AUTUniversity/MyProject-OneDrive/yolo_zhy-feature-yolo-sam3-cascade/YOLO_TRACK_SIMPLE/standardData/13/13.mp4,139,4.638,M004,motorcycle,0.267,525.2 345.3 696.3 491.1,P002,1,1.587,0,1,27.925,35.811
/Users/lujintao/Library/CloudStorage/OneDrive-AUTUniversity/MyProject-OneDrive/yolo_zhy-feature-yolo-sam3-cascade/YOLO_TRACK_SIMPLE/standardData/13/13.mp4,140,4.671,M004,motorcycle,0.352,537.8 348.1 710.1 487.6,P002,1,1.597,0,1,28.387,35.227
/Users/lujintao/Library/CloudStorage/OneDrive-AUTUniversity/MyProject-OneDrive/yolo_zhy-feature-yolo-sam3-cascade/YOLO_TRACK_SIMPLE/standardData/13/13.mp4,143,4.771,M004,motorcycle,0.293,587.9 350.0 754.1 479.3,P002,1,1.600,0,1,48.001,20.833
/Users/lujintao/Library/CloudStorage/OneDrive-AUTUniversity/MyProject-OneDrive/yolo_zhy-feature-yolo-sam3-cascade/YOLO_TRACK_SIMPLE/standardData/13/13.mp4,144,4.805,U001,motorcycle,0.299,505.8 317.8 600.2 415.8,,0,,0,0,63.327,15.791
/Users/lujintao/Library/CloudStorage/OneDrive-AUTUniversity/MyProject-OneDrive/yolo_zhy-feature-yolo-sam3-cascade/YOLO_TRACK_SIMPLE/standardData/13/13.mp4,144,4.805,U002,motorcycle,0.253,599.8 356.6 746.2 474.6,,0,,0,0,63.327,15.791
/Users/lujintao/Library/CloudStorage/OneDrive-AUTUniversity/MyProject-OneDrive/yolo_zhy-feature-yolo-sam3-cascade/YOLO_TRACK_SIMPLE/standardData/13/13.mp4,146,4.872,U001,motorcycle,0.311,543.7 313.2 630.1 410.6,,0,,0,0,27.521,36.336
/Users/lujintao/Library/CloudStorage/OneDrive-AUTUniversity/MyProject-OneDrive/yolo_zhy-feature-yolo-sam3-cascade/YOLO_TRACK_SIMPLE/standardData/13/13.mp4,146,4.872,U002,motorcycle,0.270,628.8 352.5 767.1 470.8,,0,,0,0,27.521,36.336
/Users/lujintao/Library/CloudStorage/OneDrive-AUTUniversity/MyProject-OneDrive/yolo_zhy-feature-yolo-sam3-cascade/YOLO_TRACK_SIMPLE/standardData/13/13.mp4,147,4.905,M004,motorcycle,0.350,638.0 354.6 771.8 468.4,P002,1,1.600,0,1,28.111,35.573
/Users/lujintao/Library/CloudStorage/OneDrive-AUTUniversity/MyProject-OneDrive/yolo_zhy-feature-yolo-sam3-cascade/YOLO_TRACK_SIMPLE/standardData/13/13.mp4,149,4.972,M004,motorcycle,0.355,660.1 342.5 790.7 462.9,P002,1,1.450,0,1,27.151,36.832
/Users/lujintao/Library/CloudStorage/OneDrive-AUTUniversity/MyProject-OneDrive/yolo_zhy-feature-yolo-sam3-cascade/YOLO_TRACK_SIMPLE/standardData/13/13.mp4,151,5.038,M004,motorcycle,0.332,668.5 327.7 814.9 455.3,P002,1,1.580,0,1,28.036,35.669
/Users/lujintao/Library/CloudStorage/OneDrive-AUTUniversity/MyProject-OneDrive/yolo_zhy-feature-yolo-sam3-cascade/YOLO_TRACK_SIMPLE/standardData/13/13.mp4,152,5.072,M004,motorcycle,0.447,684.5 337.5 819.9 452.8,P002,1,1.450,0,1,27.086,36.920
/Users/lujintao/Library/CloudStorage/OneDrive-AUTUniversity/MyProject-OneDrive/yolo_zhy-feature-yolo-sam3-cascade/YOLO_TRACK_SIMPLE/standardData/13/13.mp4,153,5.105,M004,motorcycle,0.369,689.2 327.9 827.9 436.2,P002 P004,2,1.541 1.551,1,1,27.401,36.496
/Users/lujintao/Library/CloudStorage/OneDrive-AUTUniversity/MyProject-OneDrive/yolo_zhy-feature-yolo-sam3-cascade/YOLO_TRACK_SIMPLE/standardData/13/13.mp4,153,5.105,U002,motorcycle,0.335,655.5 308.2 703.7 395.9,,0,,0,1,27.401,36.496
/Users/lujintao/Library/CloudStorage/OneDrive-AUTUniversity/MyProject-OneDrive/yolo_zhy-feature-yolo-sam3-cascade/YOLO_TRACK_SIMPLE/standardData/13/13.mp4,154,5.138,M004,motorcycle,0.428,707.2 336.1 834.8 451.9,P002,1,1.450,0,1,28.261,35.384
/Users/lujintao/Library/CloudStorage/OneDrive-AUTUniversity/MyProject-OneDrive/yolo_zhy-feature-yolo-sam3-cascade/YOLO_TRACK_SIMPLE/standardData/13/13.mp4,154,5.138,U002,motorcycle,0.378,661.8 304.1 713.3 394.2,,0,,0,1,28.261,35.384
/Users/lujintao/Library/CloudStorage/OneDrive-AUTUniversity/MyProject-OneDrive/yolo_zhy-feature-yolo-sam3-cascade/YOLO_TRACK_SIMPLE/standardData/13/13.mp4,155,5.172,M004,motorcycle,0.396,719.5 324.3 847.6 449.8,P002,1,1.593,0,1,28.615,34.947
/Users/lujintao/Library/CloudStorage/OneDrive-AUTUniversity/MyProject-OneDrive/yolo_zhy-feature-yolo-sam3-cascade/YOLO_TRACK_SIMPLE/standardData/13/13.mp4,156,5.205,M004,motorcycle,0.499,695.0 327.8 853.2 436.2,P002,1,1.450,0,1,27.531,36.323
/Users/lujintao/Library/CloudStorage/OneDrive-AUTUniversity/MyProject-OneDrive/yolo_zhy-feature-yolo-sam3-cascade/YOLO_TRACK_SIMPLE/standardData/13/13.mp4,157,5.239,M004,motorcycle,0.551,731.0 323.1 860.4 447.1,P002,1,1.586,0,1,26.441,37.820
/Users/lujintao/Library/CloudStorage/OneDrive-AUTUniversity/MyProject-OneDrive/yolo_zhy-feature-yolo-sam3-cascade/YOLO_TRACK_SIMPLE/standardData/13/13.mp4,158,5.272,M004,motorcycle,0.593,728.2 331.7 866.7 443.5,P002,1,1.504,0,1,30.323,32.978
/Users/lujintao/Library/CloudStorage/OneDrive-AUTUniversity/MyProject-OneDrive/yolo_zhy-feature-yolo-sam3-cascade/YOLO_TRACK_SIMPLE/standardData/13/13.mp4,159,5.305,M004,motorcycle,0.576,746.1 328.7 871.1 442.8,P002,1,1.600,0,1,28.719,34.820
/Users/lujintao/Library/CloudStorage/OneDrive-AUTUniversity/MyProject-OneDrive/yolo_zhy-feature-yolo-sam3-cascade/YOLO_TRACK_SIMPLE/standardData/13/13.mp4,160,5.339,M004,motorcycle,0.580,753.1 321.0 882.7 444.4,P002,1,1.598,0,1,26.021,38.431
/Users/lujintao/Library/CloudStorage/OneDrive-AUTUniversity/MyProject-OneDrive/yolo_zhy-feature-yolo-sam3-cascade/YOLO_TRACK_SIMPLE/standardData/13/13.mp4,161,5.372,M004,motorcycle,0.625,758.6 328.6 886.7 441.9,P002,1,1.551,0,1,27.174,36.799
/Users/lujintao/Library/CloudStorage/OneDrive-AUTUniversity/MyProject-OneDrive/yolo_zhy-feature-yolo-sam3-cascade/YOLO_TRACK_SIMPLE/standardData/13/13.mp4,162,5.405,M004,motorcycle,0.644,765.3 329.3 891.9 440.3,P002,1,1.450,0,1,46.519,21.496
/Users/lujintao/Library/CloudStorage/OneDrive-AUTUniversity/MyProject-OneDrive/yolo_zhy-feature-yolo-sam3-cascade/YOLO_TRACK_SIMPLE/standardData/13/13.mp4,163,5.439,M004,motorcycle,0.619,778.0 331.2 897.9 437.0,P002,1,1.599,0,1,26.185,38.190
/Users/lujintao/Library/CloudStorage/OneDrive-AUTUniversity/MyProject-OneDrive/yolo_zhy-feature-yolo-sam3-cascade/YOLO_TRACK_SIMPLE/standardData/13/13.mp4,164,5.472,M004,motorcycle,0.473,788.3 326.8 902.5 438.1,P002,1,1.450,0,1,24.922,40.124
/Users/lujintao/Library/CloudStorage/OneDrive-AUTUniversity/MyProject-OneDrive/yolo_zhy-feature-yolo-sam3-cascade/YOLO_TRACK_SIMPLE/standardData/13/13.mp4,165,5.506,M004,motorcycle,0.488,798.8 328.6 912.6 435.7,P002,1,1.450,0,1,30.248,33.060
/Users/lujintao/Library/CloudStorage/OneDrive-AUTUniversity/MyProject-OneDrive/yolo_zhy-feature-yolo-sam3-cascade/YOLO_TRACK_SIMPLE/standardData/13/13.mp4,166,5.539,M004,motorcycle,0.448,808.2 328.3 920.0 431.7,P002,1,1.450,0,1,25.516,39.192
/Users/lujintao/Library/CloudStorage/OneDrive-AUTUniversity/MyProject-OneDrive/yolo_zhy-feature-yolo-sam3-cascade/YOLO_TRACK_SIMPLE/standardData/13/13.mp4,167,5.572,M004,motorcycle,0.335,815.3 332.3 921.0 431.5,P002,1,1.450,0,1,23.510,42.535
/Users/lujintao/Library/CloudStorage/OneDrive-AUTUniversity/MyProject-OneDrive/yolo_zhy-feature-yolo-sam3-cascade/YOLO_TRACK_SIMPLE/standardData/13/13.mp4,168,5.606,M004,motorcycle,0.518,820.3 326.3 926.8 430.0,P002,1,1.551,0,1,26.182,38.194
/Users/lujintao/Library/CloudStorage/OneDrive-AUTUniversity/MyProject-OneDrive/yolo_zhy-feature-yolo-sam3-cascade/YOLO_TRACK_SIMPLE/standardData/13/13.mp4,169,5.639,M004,motorcycle,0.598,826.6 321.4 934.4 427.5,P002,1,1.580,0,1,26.723,37.422
/Users/lujintao/Library/CloudStorage/OneDrive-AUTUniversity/MyProject-OneDrive/yolo_zhy-feature-yolo-sam3-cascade/YOLO_TRACK_SIMPLE/standardData/13/13.mp4,170,5.672,M004,motorcycle,0.579,831.0 319.9 938.1 427.1,P002,1,1.450,0,1,23.153,43.190
/Users/lujintao/Library/CloudStorage/OneDrive-AUTUniversity/MyProject-OneDrive/yolo_zhy-feature-yolo-sam3-cascade/YOLO_TRACK_SIMPLE/standardData/13/13.mp4,171,5.706,M004,motorcycle,0.505,837.8 323.5 942.5 422.3,P002,1,1.586,0,1,25.413,39.350
/Users/lujintao/Library/CloudStorage/OneDrive-AUTUniversity/MyProject-OneDrive/yolo_zhy-feature-yolo-sam3-cascade/YOLO_TRACK_SIMPLE/standardData/13/13.mp4,172,5.739,M004,motorcycle,0.493,844.3 327.2 947.4 420.8,P002,1,1.595,0,1,24.993,40.011
/Users/lujintao/Library/CloudStorage/OneDrive-AUTUniversity/MyProject-OneDrive/yolo_zhy-feature-yolo-sam3-cascade/YOLO_TRACK_SIMPLE/standardData/13/13.mp4,173,5.772,M004,motorcycle,0.505,850.1 306.3 951.5 419.7,P002,1,1.578,0,1,24.463,40.879
/Users/lujintao/Library/CloudStorage/OneDrive-AUTUniversity/MyProject-OneDrive/yolo_zhy-feature-yolo-sam3-cascade/YOLO_TRACK_SIMPLE/standardData/13/13.mp4,174,5.806,M004,motorcycle,0.505,856.0 306.4 957.2 420.0,P002,1,1.585,0,1,26.783,37.337
/Users/lujintao/Library/CloudStorage/OneDrive-AUTUniversity/MyProject-OneDrive/yolo_zhy-feature-yolo-sam3-cascade/YOLO_TRACK_SIMPLE/standardData/13/13.mp4,175,5.839,M004,motorcycle,0.396,862.7 318.3 962.7 418.8,P002,1,1.593,0,1,26.441,37.820
/Users/lujintao/Library/CloudStorage/OneDrive-AUTUniversity/MyProject-OneDrive/yolo_zhy-feature-yolo-sam3-cascade/YOLO_TRACK_SIMPLE/standardData/13/13.mp4,176,5.873,M004,motorcycle,0.387,866.9 315.9 968.1 418.3,P002,1,1.563,0,1,25.085,39.865
/Users/lujintao/Library/CloudStorage/OneDrive-AUTUniversity/MyProject-OneDrive/yolo_zhy-feature-yolo-sam3-cascade/YOLO_TRACK_SIMPLE/standardData/13/13.mp4,177,5.906,M004,motorcycle,0.352,874.2 324.7 973.1 415.4,P002,1,1.571,0,1,26.445,37.814
/Users/lujintao/Library/CloudStorage/OneDrive-AUTUniversity/MyProject-OneDrive/yolo_zhy-feature-yolo-sam3-cascade/YOLO_TRACK_SIMPLE/standardData/13/13.mp4,178,5.939,M004,motorcycle,0.471,879.1 308.2 984.4 412.7,P002,1,1.569,0,1,24.600,40.651
/Users/lujintao/Library/CloudStorage/OneDrive-AUTUniversity/MyProject-OneDrive/yolo_zhy-feature-yolo-sam3-cascade/YOLO_TRACK_SIMPLE/standardData/13/13.mp4,179,5.973,M004,motorcycle,0.452,885.0 312.5 989.4 410.9,P002,1,1.591,0,1,24.449,40.901
/Users/lujintao/Library/CloudStorage/OneDrive-AUTUniversity/MyProject-OneDrive/yolo_zhy-feature-yolo-sam3-cascade/YOLO_TRACK_SIMPLE/standardData/13/13.mp4,181,6.039,M004,motorcycle,0.286,894.8 314.3 1002.1 408.3,P002,1,1.600,0,1,25.359,39.433
/Users/lujintao/Library/CloudStorage/OneDrive-AUTUniversity/MyProject-OneDrive/yolo_zhy-feature-yolo-sam3-cascade/YOLO_TRACK_SIMPLE/standardData/13/13.mp4,182,6.073,M004,motorcycle,0.343,900.0 318.7 1007.2 414.8,P002,1,1.557,0,1,37.317,26.798
/Users/lujintao/Library/CloudStorage/OneDrive-AUTUniversity/MyProject-OneDrive/yolo_zhy-feature-yolo-sam3-cascade/YOLO_TRACK_SIMPLE/standardData/13/13.mp4,183,6.106,M004,motorcycle,0.421,904.8 320.7 1008.3 413.1,P002,1,1.594,0,1,25.573,39.104
/Users/lujintao/Library/CloudStorage/OneDrive-AUTUniversity/MyProject-OneDrive/yolo_zhy-feature-yolo-sam3-cascade/YOLO_TRACK_SIMPLE/standardData/13/13.mp4,184,6.139,M004,motorcycle,0.406,910.0 317.5 1012.0 412.0,P002,1,1.596,0,1,23.501,42.551
/Users/lujintao/Library/CloudStorage/OneDrive-AUTUniversity/MyProject-OneDrive/yolo_zhy-feature-yolo-sam3-cascade/YOLO_TRACK_SIMPLE/standardData/13/13.mp4,185,6.173,U001,motorcycle,0.356,1003.2 306.2 1031.0 360.8,,0,,0,0,24.150,41.409
/Users/lujintao/Library/CloudStorage/OneDrive-AUTUniversity/MyProject-OneDrive/yolo_zhy-feature-yolo-sam3-cascade/YOLO_TRACK_SIMPLE/standardData/13/13.mp4,185,6.173,M004,motorcycle,0.326,915.6 307.6 1010.9 408.6,P002,1,1.593,0,1,24.150,41.409
/Users/lujintao/Library/CloudStorage/OneDrive-AUTUniversity/MyProject-OneDrive/yolo_zhy-feature-yolo-sam3-cascade/YOLO_TRACK_SIMPLE/standardData/13/13.mp4,186,6.206,M004,motorcycle,0.376,916.3 309.1 1035.4 406.6,P002,1,1.593,0,1,35.630,28.066
/Users/lujintao/Library/CloudStorage/OneDrive-AUTUniversity/MyProject-OneDrive/yolo_zhy-feature-yolo-sam3-cascade/YOLO_TRACK_SIMPLE/standardData/13/13.mp4,186,6.206,U002,motorcycle,0.264,1005.3 307.0 1038.1 361.9,,0,,0,0,35.630,28.066
/Users/lujintao/Library/CloudStorage/OneDrive-AUTUniversity/MyProject-OneDrive/yolo_zhy-feature-yolo-sam3-cascade/YOLO_TRACK_SIMPLE/standardData/13/13.mp4,187,6.240,M004,motorcycle,0.328,921.8 310.0 1038.1 404.8,P002,1,1.535,0,1,24.841,40.257
/Users/lujintao/Library/CloudStorage/OneDrive-AUTUniversity/MyProject-OneDrive/yolo_zhy-feature-yolo-sam3-cascade/YOLO_TRACK_SIMPLE/standardData/13/13.mp4,188,6.273,M004,motorcycle,0.351,927.4 307.6 1045.8 404.4,P002,1,1.599,0,1,25.756,38.825
/Users/lujintao/Library/CloudStorage/OneDrive-AUTUniversity/MyProject-OneDrive/yolo_zhy-feature-yolo-sam3-cascade/YOLO_TRACK_SIMPLE/standardData/13/13.mp4,188,6.273,U002,motorcycle,0.259,1012.3 311.1 1047.7 362.4,,0,,0,0,25.756,38.825
/Users/lujintao/Library/CloudStorage/OneDrive-AUTUniversity/MyProject-OneDrive/yolo_zhy-feature-yolo-sam3-cascade/YOLO_TRACK_SIMPLE/standardData/13/13.mp4,189,6.306,U001,motorcycle,0.434,1019.6 307.3 1055.4 359.5,,0,,0,0,23.224,43.060
/Users/lujintao/Library/CloudStorage/OneDrive-AUTUniversity/MyProject-OneDrive/yolo_zhy-feature-yolo-sam3-cascade/YOLO_TRACK_SIMPLE/standardData/13/13.mp4,189,6.306,U002,motorcycle,0.388,935.9 327.8 1011.9 400.1,,0,,0,0,23.224,43.060
/Users/lujintao/Library/CloudStorage/OneDrive-AUTUniversity/MyProject-OneDrive/yolo_zhy-feature-yolo-sam3-cascade/YOLO_TRACK_SIMPLE/standardData/13/13.mp4,190,6.340,M005,motorcycle,0.474,1015.9 306.3 1057.0 360.8,,0,,0,0,27.167,36.809
/Users/lujintao/Library/CloudStorage/OneDrive-AUTUniversity/MyProject-OneDrive/yolo_zhy-feature-yolo-sam3-cascade/YOLO_TRACK_SIMPLE/standardData/13/13.mp4,190,6.340,U002,motorcycle,0.281,939.0 312.3 1033.6 405.6,,0,,0,0,27.167,36.809
/Users/lujintao/Library/CloudStorage/OneDrive-AUTUniversity/MyProject-OneDrive/yolo_zhy-feature-yolo-sam3-cascade/YOLO_TRACK_SIMPLE/standardData/13/13.mp4,191,6.373,U001,motorcycle,0.272,1023.7 308.4 1066.3 359.9,,0,,0,0,25.410,39.354
/Users/lujintao/Library/CloudStorage/OneDrive-AUTUniversity/MyProject-OneDrive/yolo_zhy-feature-yolo-sam3-cascade/YOLO_TRACK_SIMPLE/standardData/13/13.mp4,191,6.373,U002,motorcycle,0.255,944.1 332.4 1017.8 400.2,,0,,0,0,25.410,39.354
/Users/lujintao/Library/CloudStorage/OneDrive-AUTUniversity/MyProject-OneDrive/yolo_zhy-feature-yolo-sam3-cascade/YOLO_TRACK_SIMPLE/standardData/13/13.mp4,192,6.406,U001,motorcycle,0.344,1031.7 307.1 1072.3 360.2,,0,,0,0,25.106,39.831
/Users/lujintao/Library/CloudStorage/OneDrive-AUTUniversity/MyProject-OneDrive/yolo_zhy-feature-yolo-sam3-cascade/YOLO_TRACK_SIMPLE/standardData/13/13.mp4,192,6.406,U002,motorcycle,0.269,946.1 312.8 1043.6 402.5,,0,,0,1,25.106,39.831
/Users/lujintao/Library/CloudStorage/OneDrive-AUTUniversity/MyProject-OneDrive/yolo_zhy-feature-yolo-sam3-cascade/YOLO_TRACK_SIMPLE/standardData/13/13.mp4,193,6.440,M005,motorcycle,0.444,1038.0 310.3 1078.0 359.9,,0,,0,0,26.771,37.354
/Users/lujintao/Library/CloudStorage/OneDrive-AUTUniversity/MyProject-OneDrive/yolo_zhy-feature-yolo-sam3-cascade/YOLO_TRACK_SIMPLE/standardData/13/13.mp4,193,6.440,U002,motorcycle,0.279,950.7 314.5 1041.8 401.2,,0,,0,1,26.771,37.354
/Users/lujintao/Library/CloudStorage/OneDrive-AUTUniversity/MyProject-OneDrive/yolo_zhy-feature-yolo-sam3-cascade/YOLO_TRACK_SIMPLE/standardData/13/13.mp4,194,6.473,M005,motorcycle,0.412,1036.0 307.9 1082.4 359.9,,0,,0,0,24.707,40.474
/Users/lujintao/Library/CloudStorage/OneDrive-AUTUniversity/MyProject-OneDrive/yolo_zhy-feature-yolo-sam3-cascade/YOLO_TRACK_SIMPLE/standardData/13/13.mp4,194,6.473,U002,motorcycle,0.276,954.6 314.0 1047.2 401.1,,0,,0,1,24.707,40.474
/Users/lujintao/Library/CloudStorage/OneDrive-AUTUniversity/MyProject-OneDrive/yolo_zhy-feature-yolo-sam3-cascade/YOLO_TRACK_SIMPLE/standardData/13/13.mp4,195,6.506,M005,motorcycle,0.474,1037.1 306.9 1089.7 359.7,,0,,0,0,25.747,38.839
/Users/lujintao/Library/CloudStorage/OneDrive-AUTUniversity/MyProject-OneDrive/yolo_zhy-feature-yolo-sam3-cascade/YOLO_TRACK_SIMPLE/standardData/13/13.mp4,195,6.506,U002,motorcycle,0.350,961.7 330.9 1033.0 397.1,,0,,0,1,25.747,38.839
/Users/lujintao/Library/CloudStorage/OneDrive-AUTUniversity/MyProject-OneDrive/yolo_zhy-feature-yolo-sam3-cascade/YOLO_TRACK_SIMPLE/standardData/13/13.mp4,196,6.540,M005,motorcycle,0.410,1045.3 311.2 1092.3 359.9,,0,,0,0,25.099,39.843
/Users/lujintao/Library/CloudStorage/OneDrive-AUTUniversity/MyProject-OneDrive/yolo_zhy-feature-yolo-sam3-cascade/YOLO_TRACK_SIMPLE/standardData/13/13.mp4,196,6.540,U002,motorcycle,0.311,962.9 326.9 1036.4 398.4,,0,,0,1,25.099,39.843
/Users/lujintao/Library/CloudStorage/OneDrive-AUTUniversity/MyProject-OneDrive/yolo_zhy-feature-yolo-sam3-cascade/YOLO_TRACK_SIMPLE/standardData/13/13.mp4,197,6.573,M005,motorcycle,0.371,1046.7 308.3 1097.3 360.0,,0,,0,0,25.833,38.710
/Users/lujintao/Library/CloudStorage/OneDrive-AUTUniversity/MyProject-OneDrive/yolo_zhy-feature-yolo-sam3-cascade/YOLO_TRACK_SIMPLE/standardData/13/13.mp4,198,6.607,M005,motorcycle,0.435,1055.1 307.2 1104.1 359.8,,0,,0,0,27.442,36.441
/Users/lujintao/Library/CloudStorage/OneDrive-AUTUniversity/MyProject-OneDrive/yolo_zhy-feature-yolo-sam3-cascade/YOLO_TRACK_SIMPLE/standardData/13/13.mp4,199,6.640,M005,motorcycle,0.363,1056.2 311.3 1107.4 359.0,,0,,0,0,42.264,23.661
/Users/lujintao/Library/CloudStorage/OneDrive-AUTUniversity/MyProject-OneDrive/yolo_zhy-feature-yolo-sam3-cascade/YOLO_TRACK_SIMPLE/standardData/13/13.mp4,200,6.673,M005,motorcycle,0.424,1064.5 306.5 1116.2 359.8,,0,,0,0,26.551,37.664
/Users/lujintao/Library/CloudStorage/OneDrive-AUTUniversity/MyProject-OneDrive/yolo_zhy-feature-yolo-sam3-cascade/YOLO_TRACK_SIMPLE/standardData/13/13.mp4,200,6.673,U002,motorcycle,0.270,978.3 314.9 1076.2 398.9,,0,,0,1,26.551,37.664
/Users/lujintao/Library/CloudStorage/OneDrive-AUTUniversity/MyProject-OneDrive/yolo_zhy-feature-yolo-sam3-cascade/YOLO_TRACK_SIMPLE/standardData/13/13.mp4,201,6.707,M005,motorcycle,0.450,1066.8 305.2 1118.9 359.5,,0,,0,0,26.105,38.306
/Users/lujintao/Library/CloudStorage/OneDrive-AUTUniversity/MyProject-OneDrive/yolo_zhy-feature-yolo-sam3-cascade/YOLO_TRACK_SIMPLE/standardData/13/13.mp4,202,6.740,M005,motorcycle,0.403,1071.7 307.7 1123.1 360.0,,0,,0,0,25.535,39.161
/Users/lujintao/Library/CloudStorage/OneDrive-AUTUniversity/MyProject-OneDrive/yolo_zhy-feature-yolo-sam3-cascade/YOLO_TRACK_SIMPLE/standardData/13/13.mp4,203,6.773,M005,motorcycle,0.521,1076.4 305.4 1127.8 359.5,,0,,0,0,25.192,39.696
/Users/lujintao/Library/CloudStorage/OneDrive-AUTUniversity/MyProject-OneDrive/yolo_zhy-feature-yolo-sam3-cascade/YOLO_TRACK_SIMPLE/standardData/13/13.mp4,204,6.807,M005,motorcycle,0.556,1083.5 298.8 1133.5 359.1,,0,,0,0,24.834,40.267
/Users/lujintao/Library/CloudStorage/OneDrive-AUTUniversity/MyProject-OneDrive/yolo_zhy-feature-yolo-sam3-cascade/YOLO_TRACK_SIMPLE/standardData/13/13.mp4,204,6.807,U002,motorcycle,0.271,992.3 312.3 1077.4 396.4,,0,,0,1,24.834,40.267
/Users/lujintao/Library/CloudStorage/OneDrive-AUTUniversity/MyProject-OneDrive/yolo_zhy-feature-yolo-sam3-cascade/YOLO_TRACK_SIMPLE/standardData/13/13.mp4,205,6.840,M005,motorcycle,0.468,1088.0 304.8 1138.6 359.6,,0,,0,0,27.009,37.025
/Users/lujintao/Library/CloudStorage/OneDrive-AUTUniversity/MyProject-OneDrive/yolo_zhy-feature-yolo-sam3-cascade/YOLO_TRACK_SIMPLE/standardData/13/13.mp4,206,6.874,M005,motorcycle,0.532,1093.3 298.1 1143.1 357.9,,0,,0,0,25.438,39.312
/Users/lujintao/Library/CloudStorage/OneDrive-AUTUniversity/MyProject-OneDrive/yolo_zhy-feature-yolo-sam3-cascade/YOLO_TRACK_SIMPLE/standardData/13/13.mp4,206,6.874,U002,motorcycle,0.280,1001.3 320.6 1078.3 387.2,,0,,0,1,25.438,39.312
/Users/lujintao/Library/CloudStorage/OneDrive-AUTUniversity/MyProject-OneDrive/yolo_zhy-feature-yolo-sam3-cascade/YOLO_TRACK_SIMPLE/standardData/13/13.mp4,207,6.907,M005,motorcycle,0.303,1098.4 296.8 1147.2 358.0,,0,,0,0,24.908,40.148
/Users/lujintao/Library/CloudStorage/OneDrive-AUTUniversity/MyProject-OneDrive/yolo_zhy-feature-yolo-sam3-cascade/YOLO_TRACK_SIMPLE/standardData/13/13.mp4,207,6.907,U002,motorcycle,0.260,1004.1 319.8 1079.4 390.0,,0,,0,1,24.908,40.148
/Users/lujintao/Library/CloudStorage/OneDrive-AUTUniversity/MyProject-OneDrive/yolo_zhy-feature-yolo-sam3-cascade/YOLO_TRACK_SIMPLE/standardData/13/13.mp4,207,6.907,U003,motorcycle,0.259,1004.4 351.4 1060.3 391.3,,0,,0,0,24.908,40.148
/Users/lujintao/Library/CloudStorage/OneDrive-AUTUniversity/MyProject-OneDrive/yolo_zhy-feature-yolo-sam3-cascade/YOLO_TRACK_SIMPLE/standardData/13/13.mp4,209,6.974,M005,motorcycle,0.595,1106.8 304.2 1156.6 358.7,,0,,0,0,39.439,25.356
/Users/lujintao/Library/CloudStorage/OneDrive-AUTUniversity/MyProject-OneDrive/yolo_zhy-feature-yolo-sam3-cascade/YOLO_TRACK_SIMPLE/standardData/13/13.mp4,209,6.974,U002,motorcycle,0.279,1010.0 315.0 1085.7 393.5,,0,,0,1,39.439,25.356
/Users/lujintao/Library/CloudStorage/OneDrive-AUTUniversity/MyProject-OneDrive/yolo_zhy-feature-yolo-sam3-cascade/YOLO_TRACK_SIMPLE/standardData/13/13.mp4,210,7.007,U001,motorcycle,0.316,1013.6 317.8 1082.7 390.7,,0,,0,0,26.672,37.493
/Users/lujintao/Library/CloudStorage/OneDrive-AUTUniversity/MyProject-OneDrive/yolo_zhy-feature-yolo-sam3-cascade/YOLO_TRACK_SIMPLE/standardData/13/13.mp4,211,7.040,U001,motorcycle,0.307,1019.6 318.8 1093.8 381.2,,0,,0,0,25.699,38.912
/Users/lujintao/Library/CloudStorage/OneDrive-AUTUniversity/MyProject-OneDrive/yolo_zhy-feature-yolo-sam3-cascade/YOLO_TRACK_SIMPLE/standardData/13/13.mp4,215,7.174,U001,motorcycle,0.255,1027.8 317.5 1101.7 387.6,,0,,0,1,25.323,39.490
/Users/lujintao/Library/CloudStorage/OneDrive-AUTUniversity/MyProject-OneDrive/yolo_zhy-feature-yolo-sam3-cascade/YOLO_TRACK_SIMPLE/standardData/13/13.mp4,217,7.241,U001,motorcycle,0.267,1031.3 303.0 1104.4 384.9,,0,,0,1,25.314,39.504
/Users/lujintao/Library/CloudStorage/OneDrive-AUTUniversity/MyProject-OneDrive/yolo_zhy-feature-yolo-sam3-cascade/YOLO_TRACK_SIMPLE/standardData/13/13.mp4,218,7.274,U001,motorcycle,0.284,1037.9 306.0 1108.2 380.9,,0,,0,1,25.934,38.560
/Users/lujintao/Library/CloudStorage/OneDrive-AUTUniversity/MyProject-OneDrive/yolo_zhy-feature-yolo-sam3-cascade/YOLO_TRACK_SIMPLE/standardData/13/13.mp4,220,7.341,U001,motorcycle,0.256,1041.7 309.5 1108.0 383.7,,0,,0,1,24.777,40.360
/Users/lujintao/Library/CloudStorage/OneDrive-AUTUniversity/MyProject-OneDrive/yolo_zhy-feature-yolo-sam3-cascade/YOLO_TRACK_SIMPLE/standardData/13/13.mp4,221,7.374,U001,motorcycle,0.332,1045.0 320.8 1103.5 383.5,,0,,0,1,25.491,39.230
/Users/lujintao/Library/CloudStorage/OneDrive-AUTUniversity/MyProject-OneDrive/yolo_zhy-feature-yolo-sam3-cascade/YOLO_TRACK_SIMPLE/standardData/13/13.mp4,222,7.407,U001,motorcycle,0.290,1047.7 309.1 1108.5 382.3,,0,,0,1,28.639,34.917
/Users/lujintao/Library/CloudStorage/OneDrive-AUTUniversity/MyProject-OneDrive/yolo_zhy-feature-yolo-sam3-cascade/YOLO_TRACK_SIMPLE/standardData/13/13.mp4,223,7.441,U001,motorcycle,0.392,0.2 476.9 120.7 652.7,,0,,0,0,26.221,38.137
/Users/lujintao/Library/CloudStorage/OneDrive-AUTUniversity/MyProject-OneDrive/yolo_zhy-feature-yolo-sam3-cascade/YOLO_TRACK_SIMPLE/standardData/13/13.mp4,223,7.441,U002,motorcycle,0.336,1049.8 316.1 1110.3 382.7,,0,,0,0,26.221,38.137
/Users/lujintao/Library/CloudStorage/OneDrive-AUTUniversity/MyProject-OneDrive/yolo_zhy-feature-yolo-sam3-cascade/YOLO_TRACK_SIMPLE/standardData/13/13.mp4,224,7.474,U001,motorcycle,0.398,0.0 404.4 147.0 656.5,,0,,0,0,44.321,22.563
/Users/lujintao/Library/CloudStorage/OneDrive-AUTUniversity/MyProject-OneDrive/yolo_zhy-feature-yolo-sam3-cascade/YOLO_TRACK_SIMPLE/standardData/13/13.mp4,226,7.541,U001,motorcycle,0.289,1058.5 321.4 1123.3 381.3,,0,,0,0,39.338,25.420
/Users/lujintao/Library/CloudStorage/OneDrive-AUTUniversity/MyProject-OneDrive/yolo_zhy-feature-yolo-sam3-cascade/YOLO_TRACK_SIMPLE/standardData/13/13.mp4,227,7.574,U001,motorcycle,0.293,1060.3 321.8 1122.5 380.9,,0,,0,0,26.583,37.618
/Users/lujintao/Library/CloudStorage/OneDrive-AUTUniversity/MyProject-OneDrive/yolo_zhy-feature-yolo-sam3-cascade/YOLO_TRACK_SIMPLE/standardData/13/13.mp4,228,7.608,U001,motorcycle,0.296,1062.2 296.0 1132.8 376.6,,0,,0,0,26.837,37.263
/Users/lujintao/Library/CloudStorage/OneDrive-AUTUniversity/MyProject-OneDrive/yolo_zhy-feature-yolo-sam3-cascade/YOLO_TRACK_SIMPLE/standardData/13/13.mp4,229,7.641,U001,motorcycle,0.265,1066.0 292.8 1118.4 377.2,,0,,0,0,52.754,18.956
/Users/lujintao/Library/CloudStorage/OneDrive-AUTUniversity/MyProject-OneDrive/yolo_zhy-feature-yolo-sam3-cascade/YOLO_TRACK_SIMPLE/standardData/13/13.mp4,230,7.674,U001,motorcycle,0.296,0.3 398.6 310.2 636.9,,0,,0,0,25.596,39.068
/Users/lujintao/Library/CloudStorage/OneDrive-AUTUniversity/MyProject-OneDrive/yolo_zhy-feature-yolo-sam3-cascade/YOLO_TRACK_SIMPLE/standardData/13/13.mp4,233,7.774,U001,motorcycle,0.290,1.7 369.6 374.1 631.4,,0,,0,0,35.835,27.906
/Users/lujintao/Library/CloudStorage/OneDrive-AUTUniversity/MyProject-OneDrive/yolo_zhy-feature-yolo-sam3-cascade/YOLO_TRACK_SIMPLE/standardData/13/13.mp4,235,7.841,U001,motorcycle,0.312,7.7 397.9 413.0 591.3,,0,,0,0,26.134,38.265
/Users/lujintao/Library/CloudStorage/OneDrive-AUTUniversity/MyProject-OneDrive/yolo_zhy-feature-yolo-sam3-cascade/YOLO_TRACK_SIMPLE/standardData/13/13.mp4,242,8.075,U001,motorcycle,0.491,226.4 383.5 527.4 566.8,,0,,0,0,25.367,39.422
/Users/lujintao/Library/CloudStorage/OneDrive-AUTUniversity/MyProject-OneDrive/yolo_zhy-feature-yolo-sam3-cascade/YOLO_TRACK_SIMPLE/standardData/13/13.mp4,242,8.075,U002,motorcycle,0.283,1090.9 288.3 1154.6 371.4,,0,,0,0,25.367,39.422
/Users/lujintao/Library/CloudStorage/OneDrive-AUTUniversity/MyProject-OneDrive/yolo_zhy-feature-yolo-sam3-cascade/YOLO_TRACK_SIMPLE/standardData/13/13.mp4,245,8.175,U001,motorcycle,0.271,1096.8 313.1 1143.3 368.9,,0,,0,0,23.745,42.114
/Users/lujintao/Library/CloudStorage/OneDrive-AUTUniversity/MyProject-OneDrive/yolo_zhy-feature-yolo-sam3-cascade/YOLO_TRACK_SIMPLE/standardData/13/13.mp4,246,8.208,U001,motorcycle,0.315,331.4 371.1 578.6 549.1,,0,,0,0,27.628,36.196
/Users/lujintao/Library/CloudStorage/OneDrive-AUTUniversity/MyProject-OneDrive/yolo_zhy-feature-yolo-sam3-cascade/YOLO_TRACK_SIMPLE/standardData/13/13.mp4,247,8.242,M006,motorcycle,0.752,351.1 371.4 592.5 574.2,,0,,0,0,24.731,40.435
/Users/lujintao/Library/CloudStorage/OneDrive-AUTUniversity/MyProject-OneDrive/yolo_zhy-feature-yolo-sam3-cascade/YOLO_TRACK_SIMPLE/standardData/13/13.mp4,248,8.275,M006,motorcycle,0.346,372.5 374.1 605.9 568.0,,0,,0,0,26.988,37.054
/Users/lujintao/Library/CloudStorage/OneDrive-AUTUniversity/MyProject-OneDrive/yolo_zhy-feature-yolo-sam3-cascade/YOLO_TRACK_SIMPLE/standardData/13/13.mp4,249,8.308,M006,motorcycle,0.324,394.7 374.7 615.9 562.9,,0,,0,0,27.027,37.000
/Users/lujintao/Library/CloudStorage/OneDrive-AUTUniversity/MyProject-OneDrive/yolo_zhy-feature-yolo-sam3-cascade/YOLO_TRACK_SIMPLE/standardData/13/13.mp4,250,8.342,M006,motorcycle,0.476,417.6 375.2 627.9 560.2,P007,1,1.573,0,0,46.897,21.323
/Users/lujintao/Library/CloudStorage/OneDrive-AUTUniversity/MyProject-OneDrive/yolo_zhy-feature-yolo-sam3-cascade/YOLO_TRACK_SIMPLE/standardData/13/13.mp4,251,8.375,M006,motorcycle,0.662,432.5 361.6 642.0 556.1,P007,1,1.587,0,0,26.609,37.581
/Users/lujintao/Library/CloudStorage/OneDrive-AUTUniversity/MyProject-OneDrive/yolo_zhy-feature-yolo-sam3-cascade/YOLO_TRACK_SIMPLE/standardData/13/13.mp4,252,8.408,M006,motorcycle,0.559,441.9 369.6 653.6 550.0,P007,1,1.599,0,0,24.567,40.705
/Users/lujintao/Library/CloudStorage/OneDrive-AUTUniversity/MyProject-OneDrive/yolo_zhy-feature-yolo-sam3-cascade/YOLO_TRACK_SIMPLE/standardData/13/13.mp4,253,8.442,M006,motorcycle,0.305,467.8 341.7 666.1 543.5,P007,1,1.568,0,0,24.204,41.316
/Users/lujintao/Library/CloudStorage/OneDrive-AUTUniversity/MyProject-OneDrive/yolo_zhy-feature-yolo-sam3-cascade/YOLO_TRACK_SIMPLE/standardData/13/13.mp4,254,8.475,M006,motorcycle,0.465,488.9 355.0 676.7 538.0,P007,1,1.600,0,0,25.255,39.597
/Users/lujintao/Library/CloudStorage/OneDrive-AUTUniversity/MyProject-OneDrive/yolo_zhy-feature-yolo-sam3-cascade/YOLO_TRACK_SIMPLE/standardData/13/13.mp4,254,8.475,U002,motorcycle,0.271,1224.1 295.0 1276.7 349.2,,0,,0,0,25.255,39.597
/Users/lujintao/Library/CloudStorage/OneDrive-AUTUniversity/MyProject-OneDrive/yolo_zhy-feature-yolo-sam3-cascade/YOLO_TRACK_SIMPLE/standardData/13/13.mp4,255,8.508,M006,motorcycle,0.497,502.7 346.9 690.7 533.0,P007,1,1.598,0,0,28.055,35.644
/Users/lujintao/Library/CloudStorage/OneDrive-AUTUniversity/MyProject-OneDrive/yolo_zhy-feature-yolo-sam3-cascade/YOLO_TRACK_SIMPLE/standardData/13/13.mp4,255,8.508,M007,motorcycle,0.368,1225.7 295.5 1278.7 349.2,,0,,0,0,28.055,35.644
/Users/lujintao/Library/CloudStorage/OneDrive-AUTUniversity/MyProject-OneDrive/yolo_zhy-feature-yolo-sam3-cascade/YOLO_TRACK_SIMPLE/standardData/13/13.mp4,256,8.542,M006,motorcycle,0.431,519.6 348.6 697.3 527.1,P007,1,1.598,0,0,26.310,38.009
/Users/lujintao/Library/CloudStorage/OneDrive-AUTUniversity/MyProject-OneDrive/yolo_zhy-feature-yolo-sam3-cascade/YOLO_TRACK_SIMPLE/standardData/13/13.mp4,256,8.542,M007,motorcycle,0.418,1225.9 294.4 1279.0 350.2,,0,,0,0,26.310,38.009
/Users/lujintao/Library/CloudStorage/OneDrive-AUTUniversity/MyProject-OneDrive/yolo_zhy-feature-yolo-sam3-cascade/YOLO_TRACK_SIMPLE/standardData/13/13.mp4,257,8.575,M006,motorcycle,0.614,531.2 339.6 705.2 525.6,P007,1,1.594,0,0,26.298,38.025
/Users/lujintao/Library/CloudStorage/OneDrive-AUTUniversity/MyProject-OneDrive/yolo_zhy-feature-yolo-sam3-cascade/YOLO_TRACK_SIMPLE/standardData/13/13.mp4,257,8.575,M007,motorcycle,0.385,1228.0 297.8 1279.6 351.5,,0,,0,0,26.298,38.025
/Users/lujintao/Library/CloudStorage/OneDrive-AUTUniversity/MyProject-OneDrive/yolo_zhy-feature-yolo-sam3-cascade/YOLO_TRACK_SIMPLE/standardData/13/13.mp4,258,8.609,M006,motorcycle,0.782,545.9 353.4 718.3 521.0,P007,1,1.600,0,0,27.354,36.558
/Users/lujintao/Library/CloudStorage/OneDrive-AUTUniversity/MyProject-OneDrive/yolo_zhy-feature-yolo-sam3-cascade/YOLO_TRACK_SIMPLE/standardData/13/13.mp4,258,8.609,M007,motorcycle,0.374,1230.5 297.3 1279.6 351.4,,0,,0,0,27.354,36.558
/Users/lujintao/Library/CloudStorage/OneDrive-AUTUniversity/MyProject-OneDrive/yolo_zhy-feature-yolo-sam3-cascade/YOLO_TRACK_SIMPLE/standardData/13/13.mp4,259,8.642,M007,motorcycle,0.327,1230.9 292.7 1279.6 351.3,,0,,0,0,42.418,23.575
/Users/lujintao/Library/CloudStorage/OneDrive-AUTUniversity/MyProject-OneDrive/yolo_zhy-feature-yolo-sam3-cascade/YOLO_TRACK_SIMPLE/standardData/13/13.mp4,260,8.675,M006,motorcycle,0.675,574.6 357.9 736.6 512.0,P007,1,1.594,0,0,27.170,36.805
/Users/lujintao/Library/CloudStorage/OneDrive-AUTUniversity/MyProject-OneDrive/yolo_zhy-feature-yolo-sam3-cascade/YOLO_TRACK_SIMPLE/standardData/13/13.mp4,261,8.709,M006,motorcycle,0.813,586.1 357.3 745.5 510.1,P007,1,1.600,0,0,25.413,39.350
/Users/lujintao/Library/CloudStorage/OneDrive-AUTUniversity/MyProject-OneDrive/yolo_zhy-feature-yolo-sam3-cascade/YOLO_TRACK_SIMPLE/standardData/13/13.mp4,262,8.742,M006,motorcycle,0.723,599.4 350.7 758.0 506.7,P007,1,1.600,0,0,26.748,37.386
/Users/lujintao/Library/CloudStorage/OneDrive-AUTUniversity/MyProject-OneDrive/yolo_zhy-feature-yolo-sam3-cascade/YOLO_TRACK_SIMPLE/standardData/13/13.mp4,263,8.775,M006,motorcycle,0.521,610.8 361.7 763.7 504.1,P007,1,1.598,0,0,28.425,35.180
/Users/lujintao/Library/CloudStorage/OneDrive-AUTUniversity/MyProject-OneDrive/yolo_zhy-feature-yolo-sam3-cascade/YOLO_TRACK_SIMPLE/standardData/13/13.mp4,264,8.809,M006,motorcycle,0.659,624.0 352.4 774.6 499.4,P007,1,1.593,0,0,24.603,40.646
/Users/lujintao/Library/CloudStorage/OneDrive-AUTUniversity/MyProject-OneDrive/yolo_zhy-feature-yolo-sam3-cascade/YOLO_TRACK_SIMPLE/standardData/13/13.mp4,265,8.842,M006,motorcycle,0.471,635.6 357.3 784.6 497.2,P007,1,1.596,0,0,25.740,38.850
/Users/lujintao/Library/CloudStorage/OneDrive-AUTUniversity/MyProject-OneDrive/yolo_zhy-feature-yolo-sam3-cascade/YOLO_TRACK_SIMPLE/standardData/13/13.mp4,266,8.876,M006,motorcycle,0.608,645.3 353.3 799.1 492.9,P007,1,1.592,0,0,27.568,36.274
/Users/lujintao/Library/CloudStorage/OneDrive-AUTUniversity/MyProject-OneDrive/yolo_zhy-feature-yolo-sam3-cascade/YOLO_TRACK_SIMPLE/standardData/13/13.mp4,267,8.909,M006,motorcycle,0.701,657.3 350.5 807.6 492.5,P007,1,1.599,0,0,24.780,40.356
/Users/lujintao/Library/CloudStorage/OneDrive-AUTUniversity/MyProject-OneDrive/yolo_zhy-feature-yolo-sam3-cascade/YOLO_TRACK_SIMPLE/standardData/13/13.mp4,268,8.942,M006,motorcycle,0.644,668.4 356.1 808.7 490.4,P007,1,1.598,0,0,26.360,37.937
/Users/lujintao/Library/CloudStorage/OneDrive-AUTUniversity/MyProject-OneDrive/yolo_zhy-feature-yolo-sam3-cascade/YOLO_TRACK_SIMPLE/standardData/13/13.mp4,269,8.976,M006,motorcycle,0.635,677.1 353.9 820.5 488.3,P007,1,1.599,0,0,25.828,38.717
/Users/lujintao/Library/CloudStorage/OneDrive-AUTUniversity/MyProject-OneDrive/yolo_zhy-feature-yolo-sam3-cascade/YOLO_TRACK_SIMPLE/standardData/13/13.mp4,270,9.009,M006,motorcycle,0.653,688.8 354.9 828.1 487.2,P007,1,1.594,0,0,25.028,39.956
/Users/lujintao/Library/CloudStorage/OneDrive-AUTUniversity/MyProject-OneDrive/yolo_zhy-feature-yolo-sam3-cascade/YOLO_TRACK_SIMPLE/standardData/13/13.mp4,271,9.042,M006,motorcycle,0.694,700.4 356.6 835.9 485.6,P007,1,1.598,0,0,26.971,37.077
/Users/lujintao/Library/CloudStorage/OneDrive-AUTUniversity/MyProject-OneDrive/yolo_zhy-feature-yolo-sam3-cascade/YOLO_TRACK_SIMPLE/standardData/13/13.mp4,272,9.076,M006,motorcycle,0.734,708.9 359.9 851.4 480.6,P007,1,1.594,0,0,24.808,40.309
/Users/lujintao/Library/CloudStorage/OneDrive-AUTUniversity/MyProject-OneDrive/yolo_zhy-feature-yolo-sam3-cascade/YOLO_TRACK_SIMPLE/standardData/13/13.mp4,273,9.109,M006,motorcycle,0.728,719.5 363.2 856.4 477.8,P007,1,1.593,0,0,25.839,38.701
/Users/lujintao/Library/CloudStorage/OneDrive-AUTUniversity/MyProject-OneDrive/yolo_zhy-feature-yolo-sam3-cascade/YOLO_TRACK_SIMPLE/standardData/13/13.mp4,274,9.142,M006,motorcycle,0.725,730.9 360.7 864.5 474.8,P007,1,1.593,0,0,25.904,38.604
/Users/lujintao/Library/CloudStorage/OneDrive-AUTUniversity/MyProject-OneDrive/yolo_zhy-feature-yolo-sam3-cascade/YOLO_TRACK_SIMPLE/standardData/13/13.mp4,275,9.176,M006,motorcycle,0.633,738.9 361.0 873.7 472.5,P007,1,1.599,0,0,26.939,37.121
/Users/lujintao/Library/CloudStorage/OneDrive-AUTUniversity/MyProject-OneDrive/yolo_zhy-feature-yolo-sam3-cascade/YOLO_TRACK_SIMPLE/standardData/13/13.mp4,276,9.209,M006,motorcycle,0.769,748.4 356.7 883.9 471.0,P007,1,1.600,0,0,26.115,38.291
/Users/lujintao/Library/CloudStorage/OneDrive-AUTUniversity/MyProject-OneDrive/yolo_zhy-feature-yolo-sam3-cascade/YOLO_TRACK_SIMPLE/standardData/13/13.mp4,277,9.243,M006,motorcycle,0.734,760.5 356.9 886.6 469.6,P007,1,1.600,0,0,26.181,38.196
/Users/lujintao/Library/CloudStorage/OneDrive-AUTUniversity/MyProject-OneDrive/yolo_zhy-feature-yolo-sam3-cascade/YOLO_TRACK_SIMPLE/standardData/13/13.mp4,278,9.276,M006,motorcycle,0.776,767.5 360.6 897.1 469.2,P007,1,1.593,0,0,39.900,25.062
/Users/lujintao/Library/CloudStorage/OneDrive-AUTUniversity/MyProject-OneDrive/yolo_zhy-feature-yolo-sam3-cascade/YOLO_TRACK_SIMPLE/standardData/13/13.mp4,279,9.309,M006,motorcycle,0.789,777.2 360.8 907.3 468.3,P007,1,1.586,0,0,26.420,37.850
/Users/lujintao/Library/CloudStorage/OneDrive-AUTUniversity/MyProject-OneDrive/yolo_zhy-feature-yolo-sam3-cascade/YOLO_TRACK_SIMPLE/standardData/13/13.mp4,280,9.343,M006,motorcycle,0.823,786.9 358.8 914.6 467.6,P007,1,1.600,0,0,25.336,39.469
/Users/lujintao/Library/CloudStorage/OneDrive-AUTUniversity/MyProject-OneDrive/yolo_zhy-feature-yolo-sam3-cascade/YOLO_TRACK_SIMPLE/standardData/13/13.mp4,281,9.376,M006,motorcycle,0.752,795.9 349.9 918.6 463.6,P007,1,1.553,0,0,26.581,37.621
/Users/lujintao/Library/CloudStorage/OneDrive-AUTUniversity/MyProject-OneDrive/yolo_zhy-feature-yolo-sam3-cascade/YOLO_TRACK_SIMPLE/standardData/13/13.mp4,282,9.409,M006,motorcycle,0.713,804.9 354.7 924.6 459.8,P007,1,1.600,0,0,26.915,37.154
/Users/lujintao/Library/CloudStorage/OneDrive-AUTUniversity/MyProject-OneDrive/yolo_zhy-feature-yolo-sam3-cascade/YOLO_TRACK_SIMPLE/standardData/13/13.mp4,282,9.409,U002,motorcycle,0.383,0.3 413.1 117.2 547.9,,0,,0,0,26.915,37.154
/Users/lujintao/Library/CloudStorage/OneDrive-AUTUniversity/MyProject-OneDrive/yolo_zhy-feature-yolo-sam3-cascade/YOLO_TRACK_SIMPLE/standardData/13/13.mp4,283,9.443,M006,motorcycle,0.725,813.4 355.9 930.3 458.1,P007,1,1.594,0,0,44.842,22.300
/Users/lujintao/Library/CloudStorage/OneDrive-AUTUniversity/MyProject-OneDrive/yolo_zhy-feature-yolo-sam3-cascade/YOLO_TRACK_SIMPLE/standardData/13/13.mp4,283,9.443,U002,motorcycle,0.450,0.0 372.3 155.7 543.5,,0,,0,0,44.842,22.300
/Users/lujintao/Library/CloudStorage/OneDrive-AUTUniversity/MyProject-OneDrive/yolo_zhy-feature-yolo-sam3-cascade/YOLO_TRACK_SIMPLE/standardData/13/13.mp4,284,9.476,M006,motorcycle,0.687,822.3 344.6 936.2 458.9,P007,1,1.596,0,0,28.853,34.658
/Users/lujintao/Library/CloudStorage/OneDrive-AUTUniversity/MyProject-OneDrive/yolo_zhy-feature-yolo-sam3-cascade/YOLO_TRACK_SIMPLE/standardData/13/13.mp4,284,9.476,U002,motorcycle,0.376,0.0 368.2 192.0 551.9,,0,,0,0,28.853,34.658
/Users/lujintao/Library/CloudStorage/OneDrive-AUTUniversity/MyProject-OneDrive/yolo_zhy-feature-yolo-sam3-cascade/YOLO_TRACK_SIMPLE/standardData/13/13.mp4,285,9.510,M006,motorcycle,0.669,830.7 347.6 943.4 455.2,P007,1,1.573,0,0,29.833,33.520
/Users/lujintao/Library/CloudStorage/OneDrive-AUTUniversity/MyProject-OneDrive/yolo_zhy-feature-yolo-sam3-cascade/YOLO_TRACK_SIMPLE/standardData/13/13.mp4,285,9.510,U002,motorcycle,0.369,0.0 343.0 221.8 544.7,,0,,0,0,29.833,33.520
/Users/lujintao/Library/CloudStorage/OneDrive-AUTUniversity/MyProject-OneDrive/yolo_zhy-feature-yolo-sam3-cascade/YOLO_TRACK_SIMPLE/standardData/13/13.mp4,286,9.543,M006,motorcycle,0.639,835.9 338.0 947.3 454.5,P007,1,1.534,0,0,47.823,20.910
/Users/lujintao/Library/CloudStorage/OneDrive-AUTUniversity/MyProject-OneDrive/yolo_zhy-feature-yolo-sam3-cascade/YOLO_TRACK_SIMPLE/standardData/13/13.mp4,287,9.576,M006,motorcycle,0.659,845.0 348.5 950.3 453.8,P007,1,1.450,0,0,27.646,36.171
/Users/lujintao/Library/CloudStorage/OneDrive-AUTUniversity/MyProject-OneDrive/yolo_zhy-feature-yolo-sam3-cascade/YOLO_TRACK_SIMPLE/standardData/13/13.mp4,287,9.576,U002,motorcycle,0.331,0.4 356.6 286.9 559.5,,0,,0,0,27.646,36.171
/Users/lujintao/Library/CloudStorage/OneDrive-AUTUniversity/MyProject-OneDrive/yolo_zhy-feature-yolo-sam3-cascade/YOLO_TRACK_SIMPLE/standardData/13/13.mp4,288,9.610,M006,motorcycle,0.636,853.5 343.4 956.4 454.4,P007,1,1.580,0,0,26.520,37.708
/Users/lujintao/Library/CloudStorage/OneDrive-AUTUniversity/MyProject-OneDrive/yolo_zhy-feature-yolo-sam3-cascade/YOLO_TRACK_SIMPLE/standardData/13/13.mp4,288,9.610,M008,motorcycle,0.474,2.6 347.7 315.3 522.7,,0,,0,0,26.520,37.708
/Users/lujintao/Library/CloudStorage/OneDrive-AUTUniversity/MyProject-OneDrive/yolo_zhy-feature-yolo-sam3-cascade/YOLO_TRACK_SIMPLE/standardData/13/13.mp4,289,9.643,M006,motorcycle,0.651,860.2 343.6 966.9 453.7,P007,1,1.600,0,0,29.030,34.447
/Users/lujintao/Library/CloudStorage/OneDrive-AUTUniversity/MyProject-OneDrive/yolo_zhy-feature-yolo-sam3-cascade/YOLO_TRACK_SIMPLE/standardData/13/13.mp4,289,9.643,M008,motorcycle,0.634,16.4 353.3 340.9 544.8,,0,,0,0,29.030,34.447
/Users/lujintao/Library/CloudStorage/OneDrive-AUTUniversity/MyProject-OneDrive/yolo_zhy-feature-yolo-sam3-cascade/YOLO_TRACK_SIMPLE/standardData/13/13.mp4,290,9.676,M008,motorcycle,0.781,58.3 355.1 365.3 536.5,,0,,0,0,25.345,39.455
/Users/lujintao/Library/CloudStorage/OneDrive-AUTUniversity/MyProject-OneDrive/yolo_zhy-feature-yolo-sam3-cascade/YOLO_TRACK_SIMPLE/standardData/13/13.mp4,290,9.676,M006,motorcycle,0.588,867.0 348.3 970.5 451.9,P007,1,1.575,0,0,25.345,39.455
/Users/lujintao/Library/CloudStorage/OneDrive-AUTUniversity/MyProject-OneDrive/yolo_zhy-feature-yolo-sam3-cascade/YOLO_TRACK_SIMPLE/standardData/13/13.mp4,291,9.710,M008,motorcycle,0.813,97.1 349.1 389.9 533.0,P008,1,1.597,0,0,25.787,38.779
/Users/lujintao/Library/CloudStorage/OneDrive-AUTUniversity/MyProject-OneDrive/yolo_zhy-feature-yolo-sam3-cascade/YOLO_TRACK_SIMPLE/standardData/13/13.mp4,291,9.710,M006,motorcycle,0.608,873.6 339.3 972.4 449.3,P007,1,1.553,0,0,25.787,38.779
/Users/lujintao/Library/CloudStorage/OneDrive-AUTUniversity/MyProject-OneDrive/yolo_zhy-feature-yolo-sam3-cascade/YOLO_TRACK_SIMPLE/standardData/13/13.mp4,292,9.743,M006,motorcycle,0.525,882.2 344.3 977.8 450.5,P007,1,1.599,0,0,40.830,24.492
/Users/lujintao/Library/CloudStorage/OneDrive-AUTUniversity/MyProject-OneDrive/yolo_zhy-feature-yolo-sam3-cascade/YOLO_TRACK_SIMPLE/standardData/13/13.mp4,293,9.776,M008,motorcycle,0.539,174.5 351.5 434.0 514.8,P008,1,1.600,0,0,25.859,38.671
/Users/lujintao/Library/CloudStorage/OneDrive-AUTUniversity/MyProject-OneDrive/yolo_zhy-feature-yolo-sam3-cascade/YOLO_TRACK_SIMPLE/standardData/13/13.mp4,293,9.776,M006,motorcycle,0.526,888.4 340.8 983.1 451.0,P007,1,1.552,0,0,25.859,38.671
/Users/lujintao/Library/CloudStorage/OneDrive-AUTUniversity/MyProject-OneDrive/yolo_zhy-feature-yolo-sam3-cascade/YOLO_TRACK_SIMPLE/standardData/13/13.mp4,294,9.810,M006,motorcycle,0.508,894.5 336.5 986.5 448.2,P007,1,1.583,0,0,26.116,38.291
/Users/lujintao/Library/CloudStorage/OneDrive-AUTUniversity/MyProject-OneDrive/yolo_zhy-feature-yolo-sam3-cascade/YOLO_TRACK_SIMPLE/standardData/13/13.mp4,295,9.843,M006,motorcycle,0.422,901.6 341.8 988.2 447.4,P007,1,1.571,0,0,27.311,36.616
/Users/lujintao/Library/CloudStorage/OneDrive-AUTUniversity/MyProject-OneDrive/yolo_zhy-feature-yolo-sam3-cascade/YOLO_TRACK_SIMPLE/standardData/13/13.mp4,296,9.877,M006,motorcycle,0.540,907.8 337.2 998.2 446.3,P007,1,1.549,0,0,26.400,37.879
/Users/lujintao/Library/CloudStorage/OneDrive-AUTUniversity/MyProject-OneDrive/yolo_zhy-feature-yolo-sam3-cascade/YOLO_TRACK_SIMPLE/standardData/13/13.mp4,297,9.910,M006,motorcycle,0.618,913.1 340.0 1002.4 445.7,P007,1,1.600,0,0,27.505,36.357
/Users/lujintao/Library/CloudStorage/OneDrive-AUTUniversity/MyProject-OneDrive/yolo_zhy-feature-yolo-sam3-cascade/YOLO_TRACK_SIMPLE/standardData/13/13.mp4,298,9.943,M006,motorcycle,0.486,919.4 340.9 1004.7 445.1,P007,1,1.479,0,0,27.439,36.444
/Users/lujintao/Library/CloudStorage/OneDrive-AUTUniversity/MyProject-OneDrive/yolo_zhy-feature-yolo-sam3-cascade/YOLO_TRACK_SIMPLE/standardData/13/13.mp4,298,9.943,M008,motorcycle,0.334,326.9 338.3 527.7 473.9,P008,1,1.596,0,0,27.439,36.444
/Users/lujintao/Library/CloudStorage/OneDrive-AUTUniversity/MyProject-OneDrive/yolo_zhy-feature-yolo-sam3-cascade/YOLO_TRACK_SIMPLE/standardData/13/13.mp4,299,9.977,M006,motorcycle,0.411,924.9 344.0 1008.4 443.9,P007,1,1.558,0,0,26.700,37.454
/Users/lujintao/Library/CloudStorage/OneDrive-AUTUniversity/MyProject-OneDrive/yolo_zhy-feature-yolo-sam3-cascade/YOLO_TRACK_SIMPLE/standardData/13/13.mp4,299,9.977,M008,motorcycle,0.290,355.4 338.3 544.1 470.3,P008,1,1.598,0,0,26.700,37.454
/Users/lujintao/Library/CloudStorage/OneDrive-AUTUniversity/MyProject-OneDrive/yolo_zhy-feature-yolo-sam3-cascade/YOLO_TRACK_SIMPLE/standardData/13/13.mp4,300,10.010,M006,motorcycle,0.508,929.6 343.1 1015.3 441.7,P007,1,1.594,0,0,42.573,23.489
/Users/lujintao/Library/CloudStorage/OneDrive-AUTUniversity/MyProject-OneDrive/yolo_zhy-feature-yolo-sam3-cascade/YOLO_TRACK_SIMPLE/standardData/13/13.mp4,300,10.010,M008,motorcycle,0.449,371.8 335.9 559.3 474.3,P008,1,1.600,0,0,42.573,23.489
/Users/lujintao/Library/CloudStorage/OneDrive-AUTUniversity/MyProject-OneDrive/yolo_zhy-feature-yolo-sam3-cascade/YOLO_TRACK_SIMPLE/standardData/13/13.mp4,301,10.043,M006,motorcycle,0.568,935.7 346.7 1016.0 440.7,P007,1,1.600,0,0,33.011,30.293
/Users/lujintao/Library/CloudStorage/OneDrive-AUTUniversity/MyProject-OneDrive/yolo_zhy-feature-yolo-sam3-cascade/YOLO_TRACK_SIMPLE/standardData/13/13.mp4,302,10.077,M008,motorcycle,0.571,422.3 330.8 591.5 465.2,P008,1,1.600,0,0,27.817,35.949
/Users/lujintao/Library/CloudStorage/OneDrive-AUTUniversity/MyProject-OneDrive/yolo_zhy-feature-yolo-sam3-cascade/YOLO_TRACK_SIMPLE/standardData/13/13.mp4,302,10.077,M006,motorcycle,0.325,940.0 341.2 1023.6 440.8,P007,1,1.600,0,0,27.817,35.949
/Users/lujintao/Library/CloudStorage/OneDrive-AUTUniversity/MyProject-OneDrive/yolo_zhy-feature-yolo-sam3-cascade/YOLO_TRACK_SIMPLE/standardData/13/13.mp4,303,10.110,M008,motorcycle,0.540,445.8 331.9 605.7 471.2,P008,1,1.600,0,0,26.523,37.703
/Users/lujintao/Library/CloudStorage/OneDrive-AUTUniversity/MyProject-OneDrive/yolo_zhy-feature-yolo-sam3-cascade/YOLO_TRACK_SIMPLE/standardData/13/13.mp4,304,10.143,M008,motorcycle,0.681,453.7 330.1 618.6 459.5,P008,1,1.578,0,0,24.571,40.698
/Users/lujintao/Library/CloudStorage/OneDrive-AUTUniversity/MyProject-OneDrive/yolo_zhy-feature-yolo-sam3-cascade/YOLO_TRACK_SIMPLE/standardData/13/13.mp4,304,10.143,M006,motorcycle,0.312,948.3 346.0 1034.3 436.1,P007,1,1.561,0,0,24.571,40.698
/Users/lujintao/Library/CloudStorage/OneDrive-AUTUniversity/MyProject-OneDrive/yolo_zhy-feature-yolo-sam3-cascade/YOLO_TRACK_SIMPLE/standardData/13/13.mp4,305,10.177,M008,motorcycle,0.564,477.6 332.3 632.4 453.4,P008,1,1.599,0,0,26.450,37.807
/Users/lujintao/Library/CloudStorage/OneDrive-AUTUniversity/MyProject-OneDrive/yolo_zhy-feature-yolo-sam3-cascade/YOLO_TRACK_SIMPLE/standardData/13/13.mp4,305,10.177,M006,motorcycle,0.455,954.3 346.9 1027.8 434.8,P007,1,1.450,0,0,26.450,37.807
/Users/lujintao/Library/CloudStorage/OneDrive-AUTUniversity/MyProject-OneDrive/yolo_zhy-feature-yolo-sam3-cascade/YOLO_TRACK_SIMPLE/standardData/13/13.mp4,306,10.210,M008,motorcycle,0.645,493.0 334.6 642.7 454.3,P008,1,1.596,0,0,27.188,36.781
/Users/lujintao/Library/CloudStorage/OneDrive-AUTUniversity/MyProject-OneDrive/yolo_zhy-feature-yolo-sam3-cascade/YOLO_TRACK_SIMPLE/standardData/13/13.mp4,306,10.210,M006,motorcycle,0.280,959.6 353.6 1024.7 433.4,P007,1,1.524,0,0,27.188,36.781
/Users/lujintao/Library/CloudStorage/OneDrive-AUTUniversity/MyProject-OneDrive/yolo_zhy-feature-yolo-sam3-cascade/YOLO_TRACK_SIMPLE/standardData/13/13.mp4,307,10.244,M006,motorcycle,0.323,961.4 345.2 1035.4 434.1,P007,1,1.594,0,0,26.733,37.407
/Users/lujintao/Library/CloudStorage/OneDrive-AUTUniversity/MyProject-OneDrive/yolo_zhy-feature-yolo-sam3-cascade/YOLO_TRACK_SIMPLE/standardData/13/13.mp4,307,10.244,M008,motorcycle,0.253,510.6 314.7 660.5 450.4,P008,1,1.568,0,0,26.733,37.407
/Users/lujintao/Library/CloudStorage/OneDrive-AUTUniversity/MyProject-OneDrive/yolo_zhy-feature-yolo-sam3-cascade/YOLO_TRACK_SIMPLE/standardData/13/13.mp4,308,10.277,M008,motorcycle,0.336,524.4 326.9 669.7 445.1,P008,1,1.586,0,0,55.138,18.136
/Users/lujintao/Library/CloudStorage/OneDrive-AUTUniversity/MyProject-OneDrive/yolo_zhy-feature-yolo-sam3-cascade/YOLO_TRACK_SIMPLE/standardData/13/13.mp4,308,10.277,M006,motorcycle,0.276,965.0 341.7 1049.6 431.6,P007,1,1.513,0,0,55.138,18.136
/Users/lujintao/Library/CloudStorage/OneDrive-AUTUniversity/MyProject-OneDrive/yolo_zhy-feature-yolo-sam3-cascade/YOLO_TRACK_SIMPLE/standardData/13/13.mp4,309,10.310,M006,motorcycle,0.389,971.6 347.7 1040.6 428.4,P007,1,1.448,0,0,27.440,36.443
/Users/lujintao/Library/CloudStorage/OneDrive-AUTUniversity/MyProject-OneDrive/yolo_zhy-feature-yolo-sam3-cascade/YOLO_TRACK_SIMPLE/standardData/13/13.mp4,309,10.310,M008,motorcycle,0.372,543.8 331.7 683.4 444.6,P008,1,1.596,0,0,27.440,36.443
/Users/lujintao/Library/CloudStorage/OneDrive-AUTUniversity/MyProject-OneDrive/yolo_zhy-feature-yolo-sam3-cascade/YOLO_TRACK_SIMPLE/standardData/13/13.mp4,310,10.344,M008,motorcycle,0.405,557.3 336.4 692.2 444.5,P008,1,1.595,0,0,25.118,39.813
/Users/lujintao/Library/CloudStorage/OneDrive-AUTUniversity/MyProject-OneDrive/yolo_zhy-feature-yolo-sam3-cascade/YOLO_TRACK_SIMPLE/standardData/13/13.mp4,311,10.377,M008,motorcycle,0.719,574.9 332.5 704.7 439.6,P008,1,1.597,0,0,46.589,21.465
/Users/lujintao/Library/CloudStorage/OneDrive-AUTUniversity/MyProject-OneDrive/yolo_zhy-feature-yolo-sam3-cascade/YOLO_TRACK_SIMPLE/standardData/13/13.mp4,311,10.377,M006,motorcycle,0.355,979.2 340.6 1054.4 423.4,P007,1,1.600,0,0,46.589,21.465
/Users/lujintao/Library/CloudStorage/OneDrive-AUTUniversity/MyProject-OneDrive/yolo_zhy-feature-yolo-sam3-cascade/YOLO_TRACK_SIMPLE/standardData/13/13.mp4,312,10.410,M008,motorcycle,0.564,587.4 334.0 714.2 438.2,P008,1,1.596,0,0,56.495,17.701
/Users/lujintao/Library/CloudStorage/OneDrive-AUTUniversity/MyProject-OneDrive/yolo_zhy-feature-yolo-sam3-cascade/YOLO_TRACK_SIMPLE/standardData/13/13.mp4,312,10.410,M006,motorcycle,0.360,984.6 337.4 1064.8 419.1,P007,1,1.544,0,0,56.495,17.701
/Users/lujintao/Library/CloudStorage/OneDrive-AUTUniversity/MyProject-OneDrive/yolo_zhy-feature-yolo-sam3-cascade/YOLO_TRACK_SIMPLE/standardData/13/13.mp4,313,10.444,M008,motorcycle,0.555,604.3 329.7 722.7 431.5,P008,1,1.597,0,0,34.857,28.689
/Users/lujintao/Library/CloudStorage/OneDrive-AUTUniversity/MyProject-OneDrive/yolo_zhy-feature-yolo-sam3-cascade/YOLO_TRACK_SIMPLE/standardData/13/13.mp4,313,10.444,M006,motorcycle,0.500,988.0 336.9 1066.3 419.4,P007,1,1.588,0,0,34.857,28.689
/Users/lujintao/Library/CloudStorage/OneDrive-AUTUniversity/MyProject-OneDrive/yolo_zhy-feature-yolo-sam3-cascade/YOLO_TRACK_SIMPLE/standardData/13/13.mp4,313,10.444,U003,motorcycle,0.260,986.9 266.1 1019.7 298.4,,0,,0,0,34.857,28.689
/Users/lujintao/Library/CloudStorage/OneDrive-AUTUniversity/MyProject-OneDrive/yolo_zhy-feature-yolo-sam3-cascade/YOLO_TRACK_SIMPLE/standardData/13/13.mp4,314,10.477,M008,motorcycle,0.684,614.5 331.3 734.8 428.4,P008,1,1.582,0,0,25.285,39.550
/Users/lujintao/Library/CloudStorage/OneDrive-AUTUniversity/MyProject-OneDrive/yolo_zhy-feature-yolo-sam3-cascade/YOLO_TRACK_SIMPLE/standardData/13/13.mp4,314,10.477,M006,motorcycle,0.552,991.2 338.5 1072.8 420.3,P007,1,1.577,0,0,25.285,39.550
/Users/lujintao/Library/CloudStorage/OneDrive-AUTUniversity/MyProject-OneDrive/yolo_zhy-feature-yolo-sam3-cascade/YOLO_TRACK_SIMPLE/standardData/13/13.mp4,315,10.511,M008,motorcycle,0.564,626.8 334.3 743.0 430.7,P008,1,1.597,0,0,31.733,31.513
/Users/lujintao/Library/CloudStorage/OneDrive-AUTUniversity/MyProject-OneDrive/yolo_zhy-feature-yolo-sam3-cascade/YOLO_TRACK_SIMPLE/standardData/13/13.mp4,315,10.511,M006,motorcycle,0.547,995.2 335.6 1076.9 419.6,P007,1,1.582,0,0,31.733,31.513
/Users/lujintao/Library/CloudStorage/OneDrive-AUTUniversity/MyProject-OneDrive/yolo_zhy-feature-yolo-sam3-cascade/YOLO_TRACK_SIMPLE/standardData/13/13.mp4,316,10.544,M008,motorcycle,0.683,643.9 328.5 753.4 420.6,P008,1,1.600,0,0,24.972,40.045
/Users/lujintao/Library/CloudStorage/OneDrive-AUTUniversity/MyProject-OneDrive/yolo_zhy-feature-yolo-sam3-cascade/YOLO_TRACK_SIMPLE/standardData/13/13.mp4,316,10.544,M006,motorcycle,0.671,1000.1 335.5 1082.4 420.4,P007,1,1.599,0,0,24.972,40.045
/Users/lujintao/Library/CloudStorage/OneDrive-AUTUniversity/MyProject-OneDrive/yolo_zhy-feature-yolo-sam3-cascade/YOLO_TRACK_SIMPLE/standardData/13/13.mp4,317,10.577,M008,motorcycle,0.698,651.4 325.5 765.5 422.1,P008,1,1.596,0,0,32.162,31.093
/Users/lujintao/Library/CloudStorage/OneDrive-AUTUniversity/MyProject-OneDrive/yolo_zhy-feature-yolo-sam3-cascade/YOLO_TRACK_SIMPLE/standardData/13/13.mp4,317,10.577,M006,motorcycle,0.485,1002.3 338.5 1083.3 421.0,P007,1,1.578,0,0,32.162,31.093
/Users/lujintao/Library/CloudStorage/OneDrive-AUTUniversity/MyProject-OneDrive/yolo_zhy-feature-yolo-sam3-cascade/YOLO_TRACK_SIMPLE/standardData/13/13.mp4,318,10.611,M008,motorcycle,0.674,662.7 327.4 771.9 420.7,P008,1,1.600,0,0,25.503,39.211
/Users/lujintao/Library/CloudStorage/OneDrive-AUTUniversity/MyProject-OneDrive/yolo_zhy-feature-yolo-sam3-cascade/YOLO_TRACK_SIMPLE/standardData/13/13.mp4,318,10.611,M006,motorcycle,0.388,1008.5 344.3 1074.1 418.0,P007,1,1.439,0,0,25.503,39.211
/Users/lujintao/Library/CloudStorage/OneDrive-AUTUniversity/MyProject-OneDrive/yolo_zhy-feature-yolo-sam3-cascade/YOLO_TRACK_SIMPLE/standardData/13/13.mp4,319,10.644,M006,motorcycle,0.513,1010.6 332.8 1089.7 415.3,P007,1,1.586,0,0,29.164,34.289
/Users/lujintao/Library/CloudStorage/OneDrive-AUTUniversity/MyProject-OneDrive/yolo_zhy-feature-yolo-sam3-cascade/YOLO_TRACK_SIMPLE/standardData/13/13.mp4,319,10.644,M008,motorcycle,0.432,674.6 326.4 781.5 419.6,P008,1,1.597,0,0,29.164,34.289
/Users/lujintao/Library/CloudStorage/OneDrive-AUTUniversity/MyProject-OneDrive/yolo_zhy-feature-yolo-sam3-cascade/YOLO_TRACK_SIMPLE/standardData/13/13.mp4,320,10.677,M006,motorcycle,0.517,1015.7 334.6 1095.3 414.9,P007,1,1.546,0,0,59.556,16.791
/Users/lujintao/Library/CloudStorage/OneDrive-AUTUniversity/MyProject-OneDrive/yolo_zhy-feature-yolo-sam3-cascade/YOLO_TRACK_SIMPLE/standardData/13/13.mp4,320,10.677,M008,motorcycle,0.499,685.8 327.6 789.6 413.6,P008,1,1.595,0,0,59.556,16.791
/Users/lujintao/Library/CloudStorage/OneDrive-AUTUniversity/MyProject-OneDrive/yolo_zhy-feature-yolo-sam3-cascade/YOLO_TRACK_SIMPLE/standardData/13/13.mp4,321,10.711,M008,motorcycle,0.596,698.3 325.0 798.0 410.7,P008,1,1.600,0,0,26.070,38.359
/Users/lujintao/Library/CloudStorage/OneDrive-AUTUniversity/MyProject-OneDrive/yolo_zhy-feature-yolo-sam3-cascade/YOLO_TRACK_SIMPLE/standardData/13/13.mp4,321,10.711,M006,motorcycle,0.572,1018.8 335.7 1098.2 414.6,P007,1,1.508,0,0,26.070,38.359
/Users/lujintao/Library/CloudStorage/OneDrive-AUTUniversity/MyProject-OneDrive/yolo_zhy-feature-yolo-sam3-cascade/YOLO_TRACK_SIMPLE/standardData/13/13.mp4,322,10.744,M008,motorcycle,0.629,708.1 322.3 807.6 409.2,P008,1,1.600,0,0,25.083,39.868
/Users/lujintao/Library/CloudStorage/OneDrive-AUTUniversity/MyProject-OneDrive/yolo_zhy-feature-yolo-sam3-cascade/YOLO_TRACK_SIMPLE/standardData/13/13.mp4,322,10.744,M006,motorcycle,0.624,1022.1 336.4 1099.9 414.9,P007,1,1.564,0,0,25.083,39.868
/Users/lujintao/Library/CloudStorage/OneDrive-AUTUniversity/MyProject-OneDrive/yolo_zhy-feature-yolo-sam3-cascade/YOLO_TRACK_SIMPLE/standardData/13/13.mp4,323,10.777,M008,motorcycle,0.692,715.3 324.9 816.0 411.5,P008,1,1.597,0,0,31.492,31.754
/Users/lujintao/Library/CloudStorage/OneDrive-AUTUniversity/MyProject-OneDrive/yolo_zhy-feature-yolo-sam3-cascade/YOLO_TRACK_SIMPLE/standardData/13/13.mp4,323,10.777,M006,motorcycle,0.631,1026.3 334.7 1102.6 413.7,P007,1,1.588,0,0,31.492,31.754
/Users/lujintao/Library/CloudStorage/OneDrive-AUTUniversity/MyProject-OneDrive/yolo_zhy-feature-yolo-sam3-cascade/YOLO_TRACK_SIMPLE/standardData/13/13.mp4,324,10.811,M008,motorcycle,0.748,725.8 326.2 823.0 412.1,P008,1,1.597,0,0,26.598,37.597
/Users/lujintao/Library/CloudStorage/OneDrive-AUTUniversity/MyProject-OneDrive/yolo_zhy-feature-yolo-sam3-cascade/YOLO_TRACK_SIMPLE/standardData/13/13.mp4,324,10.811,M006,motorcycle,0.681,1032.5 334.5 1104.8 413.4,P007,1,1.506,0,0,26.598,37.597
/Users/lujintao/Library/CloudStorage/OneDrive-AUTUniversity/MyProject-OneDrive/yolo_zhy-feature-yolo-sam3-cascade/YOLO_TRACK_SIMPLE/standardData/13/13.mp4,325,10.844,M008,motorcycle,0.692,736.0 321.5 828.9 410.1,P008,1,1.596,0,0,25.016,39.974
/Users/lujintao/Library/CloudStorage/OneDrive-AUTUniversity/MyProject-OneDrive/yolo_zhy-feature-yolo-sam3-cascade/YOLO_TRACK_SIMPLE/standardData/13/13.mp4,325,10.844,M006,motorcycle,0.609,1035.0 333.1 1108.6 413.2,P007,1,1.561,0,0,25.016,39.974
/Users/lujintao/Library/CloudStorage/OneDrive-AUTUniversity/MyProject-OneDrive/yolo_zhy-feature-yolo-sam3-cascade/YOLO_TRACK_SIMPLE/standardData/13/13.mp4,326,10.878,M008,motorcycle,0.653,745.7 323.2 837.3 406.5,P008,1,1.579,0,0,24.923,40.123
/Users/lujintao/Library/CloudStorage/OneDrive-AUTUniversity/MyProject-OneDrive/yolo_zhy-feature-yolo-sam3-cascade/YOLO_TRACK_SIMPLE/standardData/13/13.mp4,326,10.878,M006,motorcycle,0.426,1037.9 286.8 1115.2 412.2,P007,1,1.450,0,0,24.923,40.123
/Users/lujintao/Library/CloudStorage/OneDrive-AUTUniversity/MyProject-OneDrive/yolo_zhy-feature-yolo-sam3-cascade/YOLO_TRACK_SIMPLE/standardData/13/13.mp4,327,10.911,M008,motorcycle,0.604,757.2 323.0 844.1 401.9,P008,1,1.591,0,0,31.141,32.112
/Users/lujintao/Library/CloudStorage/OneDrive-AUTUniversity/MyProject-OneDrive/yolo_zhy-feature-yolo-sam3-cascade/YOLO_TRACK_SIMPLE/standardData/13/13.mp4,327,10.911,M006,motorcycle,0.533,1041.0 332.6 1115.4 411.9,P007,1,1.450,0,0,31.141,32.112
/Users/lujintao/Library/CloudStorage/OneDrive-AUTUniversity/MyProject-OneDrive/yolo_zhy-feature-yolo-sam3-cascade/YOLO_TRACK_SIMPLE/standardData/13/13.mp4,328,10.944,M008,motorcycle,0.615,762.0 323.4 853.0 405.2,P008,1,1.450,0,0,25.825,38.722
/Users/lujintao/Library/CloudStorage/OneDrive-AUTUniversity/MyProject-OneDrive/yolo_zhy-feature-yolo-sam3-cascade/YOLO_TRACK_SIMPLE/standardData/13/13.mp4,328,10.944,M006,motorcycle,0.463,1044.0 332.3 1116.8 411.5,P007,1,1.548,0,0,25.825,38.722
/Users/lujintao/Library/CloudStorage/OneDrive-AUTUniversity/MyProject-OneDrive/yolo_zhy-feature-yolo-sam3-cascade/YOLO_TRACK_SIMPLE/standardData/13/13.mp4,329,10.978,M008,motorcycle,0.605,770.2 322.0 857.2 405.9,P008,1,1.523,0,0,26.450,37.808
/Users/lujintao/Library/CloudStorage/OneDrive-AUTUniversity/MyProject-OneDrive/yolo_zhy-feature-yolo-sam3-cascade/YOLO_TRACK_SIMPLE/standardData/13/13.mp4,329,10.978,M006,motorcycle,0.540,1048.5 337.1 1115.6 409.2,P007,1,1.450,0,0,26.450,37.808
/Users/lujintao/Library/CloudStorage/OneDrive-AUTUniversity/MyProject-OneDrive/yolo_zhy-feature-yolo-sam3-cascade/YOLO_TRACK_SIMPLE/standardData/13/13.mp4,330,11.011,M008,motorcycle,0.516,777.5 321.9 867.6 405.1,P008,1,1.593,0,0,25.909,38.596
/Users/lujintao/Library/CloudStorage/OneDrive-AUTUniversity/MyProject-OneDrive/yolo_zhy-feature-yolo-sam3-cascade/YOLO_TRACK_SIMPLE/standardData/13/13.mp4,330,11.011,M006,motorcycle,0.470,1051.4 335.3 1121.8 409.0,P007,1,1.556,0,0,25.909,38.596
/Users/lujintao/Library/CloudStorage/OneDrive-AUTUniversity/MyProject-OneDrive/yolo_zhy-feature-yolo-sam3-cascade/YOLO_TRACK_SIMPLE/standardData/13/13.mp4,331,11.044,M008,motorcycle,0.580,787.3 321.1 871.7 400.6,P008,1,1.583,0,0,26.447,37.811
/Users/lujintao/Library/CloudStorage/OneDrive-AUTUniversity/MyProject-OneDrive/yolo_zhy-feature-yolo-sam3-cascade/YOLO_TRACK_SIMPLE/standardData/13/13.mp4,331,11.044,M006,motorcycle,0.470,1054.3 335.4 1125.5 408.4,P007,1,1.594,0,0,26.447,37.811
/Users/lujintao/Library/CloudStorage/OneDrive-AUTUniversity/MyProject-OneDrive/yolo_zhy-feature-yolo-sam3-cascade/YOLO_TRACK_SIMPLE/standardData/13/13.mp4,332,11.078,M008,motorcycle,0.639,796.1 318.2 881.3 397.4,P008,1,1.594,0,0,27.627,36.196
/Users/lujintao/Library/CloudStorage/OneDrive-AUTUniversity/MyProject-OneDrive/yolo_zhy-feature-yolo-sam3-cascade/YOLO_TRACK_SIMPLE/standardData/13/13.mp4,332,11.078,M006,motorcycle,0.434,1057.4 329.7 1129.2 407.0,P007,1,1.450,0,0,27.627,36.196
/Users/lujintao/Library/CloudStorage/OneDrive-AUTUniversity/MyProject-OneDrive/yolo_zhy-feature-yolo-sam3-cascade/YOLO_TRACK_SIMPLE/standardData/13/13.mp4,333,11.111,M008,motorcycle,0.539,800.1 320.7 887.0 400.0,P008,1,1.591,0,0,25.003,39.996
/Users/lujintao/Library/CloudStorage/OneDrive-AUTUniversity/MyProject-OneDrive/yolo_zhy-feature-yolo-sam3-cascade/YOLO_TRACK_SIMPLE/standardData/13/13.mp4,333,11.111,M006,motorcycle,0.432,1060.5 334.5 1128.7 405.6,P007,1,1.578,0,0,25.003,39.996
/Users/lujintao/Library/CloudStorage/OneDrive-AUTUniversity/MyProject-OneDrive/yolo_zhy-feature-yolo-sam3-cascade/YOLO_TRACK_SIMPLE/standardData/13/13.mp4,334,11.144,M008,motorcycle,0.658,804.8 319.3 889.9 399.2,P008,1,1.600,0,0,25.231,39.635
/Users/lujintao/Library/CloudStorage/OneDrive-AUTUniversity/MyProject-OneDrive/yolo_zhy-feature-yolo-sam3-cascade/YOLO_TRACK_SIMPLE/standardData/13/13.mp4,334,11.144,M006,motorcycle,0.513,1064.9 334.2 1131.1 405.4,P007,1,1.458,0,0,25.231,39.635
/Users/lujintao/Library/CloudStorage/OneDrive-AUTUniversity/MyProject-OneDrive/yolo_zhy-feature-yolo-sam3-cascade/YOLO_TRACK_SIMPLE/standardData/13/13.mp4,335,11.178,M006,motorcycle,0.560,1066.8 324.1 1132.8 404.9,P007,1,1.450,0,0,24.710,40.469
/Users/lujintao/Library/CloudStorage/OneDrive-AUTUniversity/MyProject-OneDrive/yolo_zhy-feature-yolo-sam3-cascade/YOLO_TRACK_SIMPLE/standardData/13/13.mp4,335,11.178,M008,motorcycle,0.455,816.6 319.2 894.3 397.1,P008,1,1.595,0,0,24.710,40.469
/Users/lujintao/Library/CloudStorage/OneDrive-AUTUniversity/MyProject-OneDrive/yolo_zhy-feature-yolo-sam3-cascade/YOLO_TRACK_SIMPLE/standardData/13/13.mp4,336,11.211,M008,motorcycle,0.586,826.9 311.9 904.4 389.0,P008,1,1.590,0,0,25.180,39.714
/Users/lujintao/Library/CloudStorage/OneDrive-AUTUniversity/MyProject-OneDrive/yolo_zhy-feature-yolo-sam3-cascade/YOLO_TRACK_SIMPLE/standardData/13/13.mp4,336,11.211,M006,motorcycle,0.543,1069.9 299.5 1133.9 404.0,P007,1,1.450,0,0,25.180,39.714
/Users/lujintao/Library/CloudStorage/OneDrive-AUTUniversity/MyProject-OneDrive/yolo_zhy-feature-yolo-sam3-cascade/YOLO_TRACK_SIMPLE/standardData/13/13.mp4,337,11.245,M006,motorcycle,0.565,1072.5 334.2 1134.0 402.3,P007,1,1.592,0,0,24.565,40.709
/Users/lujintao/Library/CloudStorage/OneDrive-AUTUniversity/MyProject-OneDrive/yolo_zhy-feature-yolo-sam3-cascade/YOLO_TRACK_SIMPLE/standardData/13/13.mp4,337,11.245,M008,motorcycle,0.553,830.3 318.8 911.8 393.2,P008,1,1.475,0,0,24.565,40.709
/Users/lujintao/Library/CloudStorage/OneDrive-AUTUniversity/MyProject-OneDrive/yolo_zhy-feature-yolo-sam3-cascade/YOLO_TRACK_SIMPLE/standardData/13/13.mp4,338,11.278,M008,motorcycle,0.512,835.4 318.4 917.6 393.2,P008,1,1.503,0,0,25.982,38.489
/Users/lujintao/Library/CloudStorage/OneDrive-AUTUniversity/MyProject-OneDrive/yolo_zhy-feature-yolo-sam3-cascade/YOLO_TRACK_SIMPLE/standardData/13/13.mp4,338,11.278,M006,motorcycle,0.294,1074.5 334.8 1136.1 401.4,P007,1,1.515,0,0,25.982,38.489
/Users/lujintao/Library/CloudStorage/OneDrive-AUTUniversity/MyProject-OneDrive/yolo_zhy-feature-yolo-sam3-cascade/YOLO_TRACK_SIMPLE/standardData/13/13.mp4,339,11.311,M008,motorcycle,0.531,842.0 317.5 920.9 392.2,P008,1,1.597,0,0,27.818,35.948
/Users/lujintao/Library/CloudStorage/OneDrive-AUTUniversity/MyProject-OneDrive/yolo_zhy-feature-yolo-sam3-cascade/YOLO_TRACK_SIMPLE/standardData/13/13.mp4,340,11.345,M008,motorcycle,0.425,851.1 310.1 928.5 385.1,P008,1,1.598,0,0,25.883,38.635
/Users/lujintao/Library/CloudStorage/OneDrive-AUTUniversity/MyProject-OneDrive/yolo_zhy-feature-yolo-sam3-cascade/YOLO_TRACK_SIMPLE/standardData/13/13.mp4,341,11.378,M008,motorcycle,0.582,860.5 314.3 932.8 385.5,P008,1,1.586,0,0,25.659,38.972
/Users/lujintao/Library/CloudStorage/OneDrive-AUTUniversity/MyProject-OneDrive/yolo_zhy-feature-yolo-sam3-cascade/YOLO_TRACK_SIMPLE/standardData/13/13.mp4,341,11.378,M006,motorcycle,0.289,1084.8 311.8 1150.9 399.8,P007,1,1.587,0,0,25.659,38.972
/Users/lujintao/Library/CloudStorage/OneDrive-AUTUniversity/MyProject-OneDrive/yolo_zhy-feature-yolo-sam3-cascade/YOLO_TRACK_SIMPLE/standardData/13/13.mp4,342,11.411,M008,motorcycle,0.632,863.6 313.9 933.2 385.1,P008,1,1.600,0,0,24.545,40.742
/Users/lujintao/Library/CloudStorage/OneDrive-AUTUniversity/MyProject-OneDrive/yolo_zhy-feature-yolo-sam3-cascade/YOLO_TRACK_SIMPLE/standardData/13/13.mp4,342,11.411,M006,motorcycle,0.357,1086.4 322.9 1150.6 400.2,P007,1,1.450,0,0,24.545,40.742
/Users/lujintao/Library/CloudStorage/OneDrive-AUTUniversity/MyProject-OneDrive/yolo_zhy-feature-yolo-sam3-cascade/YOLO_TRACK_SIMPLE/standardData/13/13.mp4,343,11.445,M008,motorcycle,0.580,866.4 319.7 943.1 388.0,P008,1,1.598,0,0,28.003,35.710
/Users/lujintao/Library/CloudStorage/OneDrive-AUTUniversity/MyProject-OneDrive/yolo_zhy-feature-yolo-sam3-cascade/YOLO_TRACK_SIMPLE/standardData/13/13.mp4,343,11.445,M006,motorcycle,0.409,1088.1 322.4 1150.9 400.5,P007,1,1.450,0,0,28.003,35.710
/Users/lujintao/Library/CloudStorage/OneDrive-AUTUniversity/MyProject-OneDrive/yolo_zhy-feature-yolo-sam3-cascade/YOLO_TRACK_SIMPLE/standardData/13/13.mp4,344,11.478,M008,motorcycle,0.718,873.1 313.6 945.7 383.6,P008,1,1.548,0,0,26.328,37.982
/Users/lujintao/Library/CloudStorage/OneDrive-AUTUniversity/MyProject-OneDrive/yolo_zhy-feature-yolo-sam3-cascade/YOLO_TRACK_SIMPLE/standardData/13/13.mp4,344,11.478,M006,motorcycle,0.421,1089.8 308.0 1154.5 399.4,P007,1,1.450,0,0,26.328,37.982
/Users/lujintao/Library/CloudStorage/OneDrive-AUTUniversity/MyProject-OneDrive/yolo_zhy-feature-yolo-sam3-cascade/YOLO_TRACK_SIMPLE/standardData/13/13.mp4,345,11.511,M008,motorcycle,0.729,878.7 312.6 946.6 383.6,P008,1,1.596,0,0,27.643,36.176
/Users/lujintao/Library/CloudStorage/OneDrive-AUTUniversity/MyProject-OneDrive/yolo_zhy-feature-yolo-sam3-cascade/YOLO_TRACK_SIMPLE/standardData/13/13.mp4,345,11.511,M006,motorcycle,0.503,1092.4 320.2 1157.3 398.5,P007,1,1.450,0,0,27.643,36.176
/Users/lujintao/Library/CloudStorage/OneDrive-AUTUniversity/MyProject-OneDrive/yolo_zhy-feature-yolo-sam3-cascade/YOLO_TRACK_SIMPLE/standardData/13/13.mp4,345,11.511,U003,motorcycle,0.287,1258.8 284.2 1279.5 352.3,,0,,0,0,27.643,36.176
/Users/lujintao/Library/CloudStorage/OneDrive-AUTUniversity/MyProject-OneDrive/yolo_zhy-feature-yolo-sam3-cascade/YOLO_TRACK_SIMPLE/standardData/13/13.mp4,346,11.545,M008,motorcycle,0.617,883.6 312.4 950.3 383.4,P008,1,1.597,0,0,29.209,34.236
/Users/lujintao/Library/CloudStorage/OneDrive-AUTUniversity/MyProject-OneDrive/yolo_zhy-feature-yolo-sam3-cascade/YOLO_TRACK_SIMPLE/standardData/13/13.mp4,346,11.545,M006,motorcycle,0.562,1095.8 320.7 1159.0 397.5,P007,1,1.566,0,0,29.209,34.236
/Users/lujintao/Library/CloudStorage/OneDrive-AUTUniversity/MyProject-OneDrive/yolo_zhy-feature-yolo-sam3-cascade/YOLO_TRACK_SIMPLE/standardData/13/13.mp4,346,11.545,U003,motorcycle,0.280,1258.2 287.4 1279.6 352.2,,0,,0,0,29.209,34.236
/Users/lujintao/Library/CloudStorage/OneDrive-AUTUniversity/MyProject-OneDrive/yolo_zhy-feature-yolo-sam3-cascade/YOLO_TRACK_SIMPLE/standardData/13/13.mp4,347,11.578,M008,motorcycle,0.619,889.8 314.7 955.5 381.4,P008,1,1.600,0,0,27.357,36.553
/Users/lujintao/Library/CloudStorage/OneDrive-AUTUniversity/MyProject-OneDrive/yolo_zhy-feature-yolo-sam3-cascade/YOLO_TRACK_SIMPLE/standardData/13/13.mp4,347,11.578,M006,motorcycle,0.477,1099.3 330.1 1154.0 396.6,P007,1,1.589,0,0,27.357,36.553
/Users/lujintao/Library/CloudStorage/OneDrive-AUTUniversity/MyProject-OneDrive/yolo_zhy-feature-yolo-sam3-cascade/YOLO_TRACK_SIMPLE/standardData/13/13.mp4,348,11.612,M008,motorcycle,0.581,894.3 318.1 962.0 382.0,P008,1,1.591,0,0,28.395,35.218
/Users/lujintao/Library/CloudStorage/OneDrive-AUTUniversity/MyProject-OneDrive/yolo_zhy-feature-yolo-sam3-cascade/YOLO_TRACK_SIMPLE/standardData/13/13.mp4,348,11.612,U002,motorcycle,0.264,1258.6 296.5 1279.5 352.5,,0,,0,0,28.395,35.218
/Users/lujintao/Library/CloudStorage/OneDrive-AUTUniversity/MyProject-OneDrive/yolo_zhy-feature-yolo-sam3-cascade/YOLO_TRACK_SIMPLE/standardData/13/13.mp4,349,11.645,M008,motorcycle,0.547,897.3 319.3 970.2 384.1,P008,1,1.587,0,0,27.499,36.364
/Users/lujintao/Library/CloudStorage/OneDrive-AUTUniversity/MyProject-OneDrive/yolo_zhy-feature-yolo-sam3-cascade/YOLO_TRACK_SIMPLE/standardData/13/13.mp4,350,11.678,M008,motorcycle,0.540,902.2 319.0 973.9 382.6,P008,1,1.597,0,0,27.258,36.686
/Users/lujintao/Library/CloudStorage/OneDrive-AUTUniversity/MyProject-OneDrive/yolo_zhy-feature-yolo-sam3-cascade/YOLO_TRACK_SIMPLE/standardData/13/13.mp4,351,11.712,M008,motorcycle,0.638,907.8 315.1 974.7 380.4,P008,1,1.591,0,0,26.364,37.930
/Users/lujintao/Library/CloudStorage/OneDrive-AUTUniversity/MyProject-OneDrive/yolo_zhy-feature-yolo-sam3-cascade/YOLO_TRACK_SIMPLE/standardData/13/13.mp4,351,11.712,U002,motorcycle,0.264,1258.5 309.1 1279.5 352.0,,0,,0,0,26.364,37.930
/Users/lujintao/Library/CloudStorage/OneDrive-AUTUniversity/MyProject-OneDrive/yolo_zhy-feature-yolo-sam3-cascade/YOLO_TRACK_SIMPLE/standardData/13/13.mp4,352,11.745,M008,motorcycle,0.577,912.8 314.9 977.9 379.5,P008,1,1.542,0,0,24.803,40.317
/Users/lujintao/Library/CloudStorage/OneDrive-AUTUniversity/MyProject-OneDrive/yolo_zhy-feature-yolo-sam3-cascade/YOLO_TRACK_SIMPLE/standardData/13/13.mp4,353,11.778,M008,motorcycle,0.571,916.8 312.2 984.6 378.9,P008,1,1.577,0,0,27.645,36.172
/Users/lujintao/Library/CloudStorage/OneDrive-AUTUniversity/MyProject-OneDrive/yolo_zhy-feature-yolo-sam3-cascade/YOLO_TRACK_SIMPLE/standardData/13/13.mp4,354,11.812,M008,motorcycle,0.602,921.7 314.4 986.1 378.5,P008,1,1.600,0,0,26.245,38.102
/Users/lujintao/Library/CloudStorage/OneDrive-AUTUniversity/MyProject-OneDrive/yolo_zhy-feature-yolo-sam3-cascade/YOLO_TRACK_SIMPLE/standardData/13/13.mp4,355,11.845,M008,motorcycle,0.671,925.4 312.7 991.6 377.9,P008,1,1.598,0,0,27.257,36.687
/Users/lujintao/Library/CloudStorage/OneDrive-AUTUniversity/MyProject-OneDrive/yolo_zhy-feature-yolo-sam3-cascade/YOLO_TRACK_SIMPLE/standardData/13/13.mp4,356,11.879,M008,motorcycle,0.549,929.1 316.1 996.7 376.9,P008,1,1.600,0,0,24.760,40.387
/Users/lujintao/Library/CloudStorage/OneDrive-AUTUniversity/MyProject-OneDrive/yolo_zhy-feature-yolo-sam3-cascade/YOLO_TRACK_SIMPLE/standardData/13/13.mp4,357,11.912,M008,motorcycle,0.551,933.0 312.3 998.5 377.5,P008,1,1.582,0,0,28.012,35.699
/Users/lujintao/Library/CloudStorage/OneDrive-AUTUniversity/MyProject-OneDrive/yolo_zhy-feature-yolo-sam3-cascade/YOLO_TRACK_SIMPLE/standardData/13/13.mp4,358,11.945,M008,motorcycle,0.539,940.4 314.7 1004.5 376.2,P008,1,1.570,0,0,30.245,33.064
/Users/lujintao/Library/CloudStorage/OneDrive-AUTUniversity/MyProject-OneDrive/yolo_zhy-feature-yolo-sam3-cascade/YOLO_TRACK_SIMPLE/standardData/13/13.mp4,359,11.979,M008,motorcycle,0.500,940.5 311.6 1003.6 376.3,P008,1,1.450,0,0,26.489,37.751
